date,open,high,low,close,volume,sina_symbol,amount
2020-03-17,3739.783,3786.891,3618.307,3709.682,16624612900,sh000300,61672027232097.8
2020-03-18,3729.685,3775.851,3636.257,3636.257,15503754700,sh000300,56375636554157.9
2020-03-19,3623.789,3647.987,3503.187,3589.093,18080740700,sh000300,64893459881185.09
2020-03-20,3629.513,3663.952,3588.777,3653.224,13960300000,sh000300,51000103007200.0
2020-03-23,3542.684,3585.801,3523.788,3530.306,13710879000,sh000300,48403598398974.0
2020-03-24,3598.655,3627.759,3545.452,3625.115,14310302100,sh000300,51876490797241.5
2020-03-25,3711.475,3732.654,3685.994,3722.518,15349595800,sh000300,57139146658224.4
2020-03-26,3692.608,3736.254,3681.267,3698.047,11231066500,sh000300,41533011777125.5
2020-03-27,3746.391,3758.783,3709.921,3710.061,12406099500,sh000300,46027385917069.5
2020-03-30,3657.462,3690.639,3637.585,3674.111,12687667300,sh000300,46615897991270.3
2020-03-31,3708.14,3716.071,3676.202,3686.155,11145302500,sh000300,41083312536887.5
2020-04-01,3682.297,3731.78,3670.965,3675.076,11935262000,sh000300,43862994929912.0
2020-04-02,3656.323,3734.531,3652.317,3734.531,11516820900,sh000300,43009924672497.9
2020-04-03,3721.482,3738.832,3698.982,3713.218,9982508300,sh000300,37067229504709.4
2020-04-07,3779.908,3803.629,3772.205,3798.021,14277803000,sh000300,54227395627863.0
2020-04-08,3776.417,3793.002,3767.292,3780.345,11138951300,sh000300,42109078852198.5
2020-04-09,3798.488,3801.725,3785.312,3792.811,10048503200,sh000300,38112073470495.2
2020-04-10,3794.843,3824.744,3758.96,3769.178,10244495600,sh000300,38613327436616.8
2020-04-13,3751.709,3769.876,3740.194,3753.257,7905334300,sh000300,29670751298815.1
2020-04-14,3777.834,3825.76,3764.984,3825.699,11063758500,sh000300,42326609829691.5
2020-04-15,3820.851,3829.801,3793.44,3797.362,10846198400,sh000300,41186941648620.805
2020-04-16,3777.799,3807.357,3774.559,3802.381,9594796500,sh000300,36483071910466.5
2020-04-17,3831.923,3863.452,3821.42,3839.487,13200430100,sh000300,50682879763358.7
2020-04-20,3845.46,3853.798,3831.553,3853.455,10001311500,sh000300,38539603806232.5
2020-04-21,3838.231,3838.231,3779.997,3808.047,10292188800,sh000300,39193138683273.6
2020-04-22,3789.13,3839.383,3782.215,3839.383,8589946400,sh000300,32980094179071.2
2020-04-23,3851.913,3857.471,3826.557,3829.753,9550845000,sh000300,36577377291285.0
2020-04-24,3826.312,3827.212,3787.071,3796.972,9484413500,sh000300,36012052495922.0
2020-04-27,3808.017,3842.871,3793.766,3822.769,9546273500,sh000300,36493198401321.5
2020-04-28,3835.348,3859.675,3768.2,3849.147,12209347600,sh000300,46995573686497.195
2020-04-29,3837.514,3880.744,3833.716,3867.032,9585459000,sh000300,37067276687688.0
2020-04-30,3880.409,3921.7,3880.409,3912.577,13291712500,sh000300,52004848618112.5
2020-05-06,3867.259,3937.691,3865.988,3936.254,13985567500,sh000300,55050746014145.0
2020-05-07,3937.592,3941.483,3915.905,3924.895,10551464600,sh000300,41413390651217.0
2020-05-08,3942.997,3979.663,3935.981,3963.622,11694334100,sh000300,46351919914110.195
2020-05-11,3974.761,3998.097,3944.504,3960.18,12267380300,sh000300,48581034116454.0
2020-05-12,3961.343,3970.112,3930.211,3960.238,9825055400,sh000300,38909557747185.195
2020-05-13,3946.643,3972.525,3932.571,3968.253,8819066900,sh000300,34996288683125.703
2020-05-14,3952.199,3952.199,3924.045,3925.218,8853000400,sh000300,34749956524087.2
2020-05-15,3941.125,3945.196,3907.402,3912.816,9261838200,sh000300,36239868698371.195
2020-05-18,3914.66,3946.431,3898.404,3922.912,11280176200,sh000300,44251138577094.4
2020-05-19,3963.775,3966.852,3944.072,3956.25,9401529100,sh000300,37194799501875.0
2020-05-20,3955.715,3955.715,3923.921,3935.222,10079115000,sh000300,39663555088530.0
2020-05-21,3950.598,3951.743,3907.579,3913.795,9486103300,sh000300,37126663665023.5
2020-05-22,3907.576,3907.576,3818.149,3824.064,10337836000,sh000300,39532546485504.0
2020-05-25,3828.321,3835.633,3800.18,3829.325,7903332600,sh000300,30264429108495.0
2020-05-26,3850.001,3874.748,3844.478,3872.77,7744807600,sh000300,29993858529052.0
2020-05-27,3873.698,3873.698,3838.425,3845.614,8371183100,sh000300,32192338925923.4
2020-05-28,3848.489,3885.421,3818.432,3856.632,9306405400,sh000300,35891380870612.8
2020-05-29,3838.377,3872.303,3830.419,3867.023,9381383200,sh000300,36278024606213.6
2020-06-01,3901.726,3976.315,3901.726,3971.34,13645665200,sh000300,54191576035368.0
2020-06-02,3969.952,3991.776,3958.977,3983.568,14430306000,sh000300,57484105211808.0
2020-06-03,4001.171,4018.676,3982.93,3983.648,13659748300,sh000300,54415628995798.4
2020-06-04,3998.164,3999.805,3968.572,3982.185,10427773700,sh000300,41525324011534.5
2020-06-05,3988.224,4001.251,3967.926,4001.251,10244394200,sh000300,40990392537144.2
2020-06-08,4023.606,4050.221,4016.102,4021.955,13792581300,sh000300,55473141322441.5
2020-06-09,4027.561,4052.156,4016.339,4047.029,11530447900,sh000300,46664057034289.1
2020-06-10,4046.232,4046.232,4024.419,4039.705,11226572800,sh000300,45352042273024.0
2020-06-11,4031.74,4043.012,3979.752,3995.885,12730894100,sh000300,50871188770778.5
2020-06-12,3931.624,4011.059,3927.249,4003.083,13416664900,sh000300,53708023177886.7
2020-06-15,3982.967,4007.14,3954.988,3954.988,13129786000,sh000300,51928146072568.0
2020-06-16,3995.579,4014.57,3987.864,4014.57,11105153900,sh000300,44582417692323.0
2020-06-17,4018.609,4018.609,3992.134,4017.594,10560579900,sh000300,42428122442760.6
2020-06-18,4009.783,4047.557,4000.901,4044.384,13814876100,sh000300,55872663860822.4
2020-06-19,4047.048,4109.36,4043.493,4098.71,15294699000,sh000300,62688535738290.0
2020-06-22,4097.507,4126.942,4088.782,4102.046,15582946500,sh000300,63921963358539.01
2020-06-23,4098.037,4124.725,4080.753,4121.794,12922951000,sh000300,53265741894094.0
2020-06-24,4128.1,4144.678,4123.358,4138.99,12171246500,sh000300,50376667551035.0
2020-06-29,4127.935,4137.37,4092.535,4109.716,13086585400,sh000300,53782149403746.41
2020-06-30,4130.003,4174.424,4129.775,4163.964,12593352100,sh000300,52438264783724.4
2020-07-01,4172.643,4247.784,4163.495,4247.784,16999045600,sh000300,72208273914950.39
2020-07-02,4239.408,4340.104,4238.116,4335.845,25293936800,sh000300,109670589404596.0
2020-07-03,4353.194,4419.596,4348.454,4419.596,29048553900,sh000300,128382872622224.39
2020-07-06,4465.808,4678.112,4465.808,4670.095,40582102500,sh000300,189522273974737.5
2020-07-07,4739.61,4796.316,4688.057,4698.126,40600855300,sh000300,190747933907167.8
2020-07-08,4692.862,4803.364,4670.65,4774.004,34807484700,sh000300,166171071187738.78
2020-07-09,4770.077,4854.12,4757.294,4840.771,35104689300,sh000300,169933761927450.28
2020-07-10,4796.087,4821.375,4734.473,4753.133,31694965100,sh000300,150650384550658.28
2020-07-13,4742.374,4878.077,4741.874,4852.961,32164544600,sh000300,156093280526560.6
2020-07-14,4836.166,4860.44,4729.926,4806.69,29724198500,sh000300,142875007687965.0
2020-07-15,4821.516,4837.476,4723.361,4744.469,27238900600,sh000300,129234119490781.4
2020-07-16,4741.53,4772.564,4513.654,4516.253,28465713300,sh000300,128558363088264.89
2020-07-17,4524.772,4601.373,4485.821,4544.701,20737556300,sh000300,94245992854166.3
2020-07-20,4597.204,4681.943,4534.231,4680.305,24606891400,sh000300,115167756853877.0
2020-07-21,4697.503,4714.293,4661.444,4691.043,20041565900,sh000300,94015847424233.69
2020-07-22,4682.658,4790.449,4675.349,4714.445,22419921100,sh000300,105697484930289.5
2020-07-23,4668.74,4731.4,4607.659,4712.436,23431456900,sh000300,110419241028008.39
2020-07-24,4679.027,4691.698,4479.393,4505.591,24390520300,sh000300,109893708748997.31
2020-07-27,4535.005,4558.119,4482.441,4528.45,17142055100,sh000300,77626939417595.0
2020-07-28,4567.669,4590.25,4537.685,4568.258,16276849800,sh000300,74356849313648.39
2020-07-29,4559.163,4680.558,4548.854,4679.008,18669530500,sh000300,87354882565744.0
2020-07-30,4689.763,4704.631,4649.768,4656.151,16696756600,sh000300,77742619939846.6
2020-07-31,4652.182,4741.808,4621.964,4695.046,18483902600,sh000300,86782772966519.61
2020-08-03,4735.899,4771.369,4720.025,4771.311,21477623900,sh000300,102476423167932.89
2020-08-04,4778.487,4807.078,4747.775,4775.802,23997498500,sh000300,114607301331297.0
2020-08-05,4761.764,4786.703,4711.272,4777.109,19670054800,sh000300,93965995815573.2
2020-08-06,4779.238,4791.857,4691.157,4762.764,22785440600,sh000300,108521676213818.4
2020-08-07,4742.294,4749.022,4637.843,4707.926,21351821600,sh000300,100522796058001.61
2020-08-10,4681.755,4757.663,4646.289,4724.87,20378883200,sh000300,96287573865184.0
2020-08-11,4730.375,4791.534,4674.864,4681.784,20554651100,sh000300,96232436645562.39
2020-08-12,4668.89,4681.621,4566.274,4647.645,20288723900,sh000300,94294786190215.52
2020-08-13,4666.49,4671.769,4626.103,4635.713,15255009200,sh000300,70717844463559.6
2020-08-14,4627.61,4708.071,4617.632,4704.629,14729292100,sh000300,69295854763130.9
2020-08-17,4727.12,4838.086,4721.359,4815.226,26800155600,sh000300,129048806049165.6
2020-08-18,4816.57,4825.386,4788.829,4812.756,18913985400,sh000300,91028396717762.4
2020-08-19,4804.666,4809.05,4738.009,4740.678,19244294800,sh000300,91231004983874.39
2020-08-20,4708.125,4721.436,4662.803,4679.154,15836863900,sh000300,74103125065140.61
2020-08-21,4717.787,4739.484,4684.81,4718.843,14265786400,sh000300,67318006293135.195
2020-08-24,4746.404,4769.467,4716.605,4755.849,15114351200,sh000300,71881572040168.8
2020-08-25,4769.211,4802.412,4746.313,4761.951,14170135100,sh000300,67477489009580.1
2020-08-26,4761.719,4786.425,4689.881,4706.13,15130518000,sh000300,71206184675340.0
2020-08-27,4718.062,4731.935,4679.362,4731.345,11904285000,sh000300,56323279313325.0
2020-08-28,4727.292,4850.488,4719.353,4844.265,15939976500,sh000300,77217470259772.5
2020-08-31,4870.934,4901.212,4816.212,4816.215,20256702900,sh000300,97560636357523.5
2020-09-01,4803.392,4842.135,4791.783,4842.122,13839540200,sh000300,67012742072304.41
2020-09-02,4859.075,4863.551,4797.52,4843.887,15798952400,sh000300,76528340143978.8
2020-09-03,4841.502,4877.012,4800.058,4817.095,14567120100,sh000300,70171201398109.5
2020-09-04,4737.237,4778.203,4726.556,4770.219,12003279600,sh000300,57258272410232.4
2020-09-07,4759.521,4789.303,4655.56,4669.368,14860779100,sh000300,69390446384608.805
2020-09-08,4683.826,4707.897,4639.053,4694.389,13919922700,sh000300,65345532003730.305
2020-09-09,4634.247,4645.197,4558.03,4584.589,16227710700,sh000300,74397383970402.3
2020-09-10,4632.099,4647.751,4572.206,4581.978,15065287800,sh000300,69028817263268.4
2020-09-11,4572.257,4630.884,4563.106,4627.283,11530242400,sh000300,53353694643399.2
2020-09-14,4652.054,4666.986,4625.988,4651.051,10723517900,sh000300,49875628652312.91
2020-09-15,4649.447,4691.5,4630.537,4688.483,10191592500,sh000300,47783108179177.5
2020-09-16,4683.006,4690.682,4638.459,4657.358,10875364100,sh000300,50650463994047.805
2020-09-17,4642.054,4664.949,4601.639,4632.714,10598363100,sh000300,49099185110453.4
2020-09-18,4636.642,4737.804,4631.705,4737.089,16042647500,sh000300,75995449003127.5
2020-09-21,4750.748,4752.98,4688.72,4691.428,12453582700,sh000300,58425086579095.6
2020-09-22,4654.218,4706.21,4622.111,4635.761,11967294700,sh000300,55477518045766.7
2020-09-23,4639.659,4665.96,4623.553,4652.327,9582652800,sh000300,44581634353065.6
2020-09-24,4623.954,4631.948,4562.209,4563.066,11259368300,sh000300,51377240671207.8
2020-09-25,4582.482,4599.539,4554.72,4570.022,9301515500,sh000300,42508130468341.0
2020-09-28,4582.647,4613.632,4571.151,4581.909,8504838900,sh000300,38968397899460.09
2020-09-29,4608.293,4616.677,4586.354,4591.799,8599385800,sh000300,39486651117054.2
2020-09-30,4607.575,4634.724,4563.411,4587.395,8908120000,sh000300,40865065147400.0
2020-10-09,4663.61,4695.404,4655.085,4681.141,11133751200,sh000300,52118659226119.195
2020-10-12,4705.188,4823.267,4704.155,4823.158,15578455800,sh000300,75137353719416.4
2020-10-13,4812.899,4845.919,4795.373,4839.201,11651633800,sh000300,56384597936593.8
2020-10-14,4830.458,4830.458,4795.907,4807.102,11190692300,sh000300,53794799336714.6
2020-10-15,4810.782,4833.893,4796.265,4798.736,10996496200,sh000300,52769282188803.195
2020-10-16,4798.916,4825.552,4765.967,4791.676,11671610200,sh000300,55926574476695.2
2020-10-19,4823.494,4849.605,4747.336,4755.488,12924636100,sh000300,61462951877916.805
2020-10-20,4751.369,4793.467,4739.458,4793.467,9804815600,sh000300,46999060019685.195
2020-10-21,4801.631,4801.631,4758.855,4792.828,10380570300,sh000300,49752287989808.41
2020-10-22,4780.595,4791.808,4725.499,4777.985,10135089100,sh000300,48425303693463.5
2020-10-23,4775.467,4802.456,4717.098,4718.488,10682518400,sh000300,50405334880179.2
2020-10-26,4684.047,4713.395,4639.302,4691.236,10834327500,sh000300,50826387203790.0
2020-10-27,4680.137,4708.462,4671.854,4699.279,9265630400,sh000300,43541782360481.6
2020-10-28,4703.004,4753.313,4685.601,4737.272,10846340200,sh000300,51382063731934.4
2020-10-29,4683.607,4803.032,4679.253,4772.92,11711725000,sh000300,55899126487000.0
2020-10-30,4776.473,4778.509,4683.472,4695.334,13980230300,sh000300,65641850655420.195
2020-11-02,4702.746,4738.024,4695.444,4720.831,14286769300,sh000300,67445423401288.305
2020-11-03,4743.174,4793.396,4734.175,4777.561,13605540800,sh000300,65001301109988.8
2020-11-04,4781.448,4825.464,4770.558,4813.656,11466180600,sh000300,55194249042273.6
2020-11-05,4861.338,4885.112,4838.0,4885.112,13924459400,sh000300,68022543708452.805
2020-11-06,4897.63,4897.63,4845.429,4885.718,15363903400,sh000300,75063699391641.2
2020-11-09,4918.861,4997.802,4918.861,4981.35,19713198400,sh000300,98198340849840.0
2020-11-10,4995.413,4995.413,4928.932,4953.876,17626721400,sh000300,87320592102146.4
2020-11-11,4937.758,4957.585,4901.707,4904.898,16447051500,sh000300,80671110008247.0
2020-11-12,4916.774,4926.342,4891.51,4908.463,11811461900,sh000300,57976123712059.695
2020-11-13,4886.978,4886.978,4825.758,4856.851,13369307900,sh000300,64932736443422.9
2020-11-16,4880.958,4904.172,4848.624,4904.172,14877098000,sh000300,72959847452856.0
2020-11-17,4903.12,4909.29,4865.394,4894.786,15148746400,sh000300,74149871796270.4
2020-11-18,4889.675,4911.088,4870.716,4891.672,16421661600,sh000300,80329382242195.19
2020-11-19,4880.922,4939.791,4870.201,4927.989,13368137800,sh000300,65878036028884.195
2020-11-20,4928.222,4947.43,4922.59,4943.288,12940034100,sh000300,63966315286120.8
2020-11-23,4954.599,5029.652,4940.449,5005.027,20591518700,sh000300,103061107064504.9
2020-11-24,4997.049,5001.061,4960.982,4974.286,15663791100,sh000300,77916176775654.6
2020-11-25,4992.747,5004.773,4910.7,4910.7,17034052700,sh000300,83649122593890.0
2020-11-26,4908.321,4925.286,4867.815,4919.591,13720233800,sh000300,67497938720375.805
2020-11-27,4930.593,4980.765,4917.348,4980.765,16295292200,sh000300,81163021054533.0
2020-11-30,4994.106,5055.192,4960.252,4960.252,26263895000,sh000300,130275537701540.02
2020-12-01,4963.13,5072.549,4963.13,5067.098,20406563800,sh000300,103402058617852.4
2020-12-02,5072.976,5090.608,5043.309,5067.145,19543547600,sh000300,99029989503602.02
2020-12-03,5065.453,5072.305,5033.789,5057.06,17786574800,sh000300,89947775958088.0
2020-12-04,5049.523,5072.387,5017.851,5065.916,14434716700,sh000300,73125062285997.2
2020-12-07,5065.729,5067.87,5014.609,5022.235,13989621700,sh000300,70259167738499.49
2020-12-08,5029.106,5043.061,4998.922,5009.879,12307302900,sh000300,61658098345349.1
2020-12-09,5022.385,5033.642,4942.52,4942.699,13891696500,sh000300,68662474398853.49
2020-12-10,4931.293,4962.743,4919.77,4940.525,12591427000,sh000300,62208259879174.99
2020-12-11,4957.824,4957.824,4849.355,4889.629,15935769700,sh000300,77920001662441.3
2020-12-14,4903.627,4937.26,4887.66,4934.835,12080155200,sh000300,59613572686392.0
2020-12-15,4931.602,4954.189,4904.793,4945.1,11834263300,sh000300,58521615444830.01
2020-12-16,4957.297,4968.856,4938.193,4953.867,10677896800,sh000300,52896880586925.6
2020-12-17,4960.729,5021.617,4950.371,5017.478,13338547900,sh000300,66925870640196.2
2020-12-18,5014.321,5027.445,4979.005,4999.968,12804961800,sh000300,64024399241222.4
2020-12-21,4995.762,5048.507,4969.999,5046.84,14081178200,sh000300,71065453386888.0
2020-12-22,5034.983,5055.135,4960.946,4964.773,16234497000,sh000300,80600592374181.0
2020-12-23,4977.299,5028.451,4968.151,5007.124,14029281900,sh000300,70246354104255.59
2020-12-24,5006.005,5033.038,4979.237,5000.015,11441866700,sh000300,57209505128000.5
2020-12-25,4985.77,5042.098,4973.681,5042.014,12100697900,sh000300,61011888221570.6
2020-12-28,5042.943,5089.345,5037.858,5064.415,13691440700,sh000300,69339137652690.5
2020-12-29,5071.449,5077.417,5034.308,5042.936,14119866200,sh000300,71205581575163.2
2020-12-30,5037.985,5113.711,5036.629,5113.711,14862644800,sh000300,76003270202852.8
2020-12-31,5122.48,5215.618,5122.48,5211.289,17160250900,sh000300,89427026752410.1
2021-01-04,5212.931,5284.434,5190.937,5267.718,21171138200,sh000300,111523585776627.6
2021-01-05,5245.836,5368.505,5234.378,5368.505,22493115900,sh000300,120754405174729.5
2021-01-06,5386.514,5433.469,5341.43,5417.668,19377344400,sh000300,104980018680859.19
2021-01-07,5428.394,5513.657,5413.353,5513.657,21987208000,sh000300,121229923299656.0
2021-01-08,5526.288,5547.473,5442.694,5495.431,20432495600,sh000300,112285369727603.6
2021-01-11,5504.236,5555.692,5412.505,5441.158,23183598300,sh000300,126145621358831.4
2021-01-12,5419.5,5596.353,5417.627,5596.353,22422018600,sh000300,125481531058165.8
2021-01-13,5609.264,5644.72,5535.144,5577.971,26156988600,sh000300,145902923858130.6
2021-01-14,5556.213,5568.018,5458.682,5470.456,24368338000,sh000300,133305920822128.0
2021-01-15,5471.391,5500.635,5390.274,5458.081,23863743500,sh000300,130250244986223.5
2021-01-18,5438.162,5541.461,5410.775,5518.521,20705186900,sh000300,114262008716574.89
2021-01-19,5525.969,5532.479,5415.717,5437.523,21104342500,sh000300,114755347743627.5
2021-01-20,5439.911,5496.049,5426.536,5476.434,17091326000,sh000300,93599518811484.0
2021-01-21,5492.959,5593.106,5490.563,5564.969,20995019700,sh000300,116836633784889.3
2021-01-22,5562.379,5573.659,5513.877,5569.776,19930002000,sh000300,111005646819552.0
2021-01-25,5564.124,5655.48,5543.266,5625.923,19704701900,sh000300,110857135627353.7
2021-01-26,5600.902,5600.902,5505.996,5512.968,17190459000,sh000300,94770450372312.0
2021-01-27,5505.771,5534.993,5449.639,5528.003,16019084100,sh000300,88553544962052.3
2021-01-28,5450.37,5462.235,5360.377,5377.143,17048558500,sh000300,91672536998365.5
2021-01-29,5413.968,5430.202,5288.096,5351.965,18217878400,sh000300,97501447571056.0
2021-02-01,5356.854,5422.299,5342.046,5417.648,16631370600,sh000300,90102911668348.8
2021-02-02,5429.703,5503.215,5411.517,5501.092,16521056500,sh000300,90883851743698.0
2021-02-03,5499.296,5532.886,5473.124,5485.201,18805431700,sh000300,103151572766271.7
2021-02-04,5453.976,5510.054,5411.575,5473.948,18057565400,sh000300,98846174006199.2
2021-02-05,5494.701,5550.771,5477.652,5483.414,18969959800,sh000300,104020143146757.2
2021-02-08,5506.142,5576.491,5479.853,5564.562,16403377500,sh000300,91277611108155.0
2021-02-09,5584.165,5686.25,5555.054,5686.25,16488726000,sh000300,93759018217500.0
2021-02-10,5709.684,5823.422,5707.33,5807.719,17016978600,sh000300,98829829937813.4
2021-02-18,5922.071,5930.912,5747.663,5768.381,21884868600,sh000300,126240260219736.61
2021-02-19,5734.019,5787.887,5667.321,5778.842,21447578000,sh000300,123942164544676.0
2021-02-22,5785.51,5785.51,5597.333,5597.333,28212438200,sh000300,157914411347320.6
2021-02-23,5542.684,5644.755,5541.109,5579.668,23380772700,sh000300,130456949249463.6
2021-02-24,5591.48,5598.828,5379.728,5437.568,22542861000,sh000300,122578339602048.0
2021-02-25,5494.471,5527.63,5444.165,5469.558,23073602800,sh000300,126202408783562.4
2021-02-26,5343.904,5416.32,5318.858,5336.761,21226454300,sh000300,113280513476522.31
2021-03-01,5389.25,5421.555,5345.945,5418.784,17746352300,sh000300,96163649901603.19
2021-03-02,5453.285,5454.969,5305.055,5349.63,19651111500,sh000300,105126175613745.0
2021-03-03,5327.347,5452.396,5316.481,5452.213,19470905400,sh000300,106159523543650.19
2021-03-04,5388.479,5392.373,5254.777,5280.706,21277521100,sh000300,112360333337896.61
2021-03-05,5191.97,5307.82,5174.246,5262.796,20262795600,sh000300,106638959632497.61
2021-03-08,5299.791,5326.26,5079.798,5080.025,23023163500,sh000300,116958246159087.48
2021-03-09,5066.155,5094.311,4917.909,4970.999,23071100400,sh000300,114686417017299.6
2021-03-10,5047.059,5055.279,4981.616,5003.612,16992849000,sh000300,85025623170588.0
2021-03-11,5024.559,5138.415,5020.578,5128.216,18960076600,sh000300,97231368181345.61
2021-03-12,5153.674,5153.674,5086.823,5146.379,20102058900,sh000300,103452813779723.1
2021-03-15,5116.123,5120.876,4992.399,5035.544,20415308400,sh000300,102802183721769.6
2021-03-16,5054.409,5084.309,5009.951,5079.362,16139005400,sh000300,81975850746554.8
2021-03-17,5062.771,5123.545,5020.126,5100.858,14916237600,sh000300,76085609891860.8
2021-03-18,5114.587,5160.457,5111.129,5141.768,14290151800,sh000300,73476645240382.4
2021-03-19,5068.532,5089.918,4980.761,5007.091,16417484900,sh000300,82203840885425.9
2021-03-22,5008.395,5071.338,4996.541,5057.152,16740263200,sh000300,84658055522406.4
2021-03-23,5057.063,5064.02,4966.534,5009.246,15801396700,sh000300,79153083213888.2
2021-03-24,4985.401,5024.327,4919.893,4928.685,15938598200,sh000300,78556329869367.0
2021-03-25,4904.068,4950.761,4883.662,4926.347,13294518900,sh000300,65493413299458.3
2021-03-26,4953.945,5050.829,4953.945,5037.99,14592669700,sh000300,73517724021903.0
2021-03-29,5052.263,5086.654,5010.39,5046.877,14338821500,sh000300,72366268435455.5
2021-03-30,5043.095,5106.037,5032.795,5094.729,13861856000,sh000300,70622399757024.0
2021-03-31,5085.95,5085.95,5015.607,5048.361,14133574300,sh000300,71351385286722.3
2021-04-01,5059.936,5115.429,5056.872,5110.777,12032489000,sh000300,61495368033953.0
2021-04-02,5129.855,5169.831,5116.347,5161.557,12700225400,sh000300,65552937314947.8
2021-04-06,5178.64,5181.149,5125.33,5140.342,10983421000,sh000300,56458540269981.99
2021-04-07,5141.656,5141.656,5065.193,5103.743,14576374800,sh000300,74394070850876.4
2021-04-08,5078.263,5129.132,5062.073,5112.209,14177104700,sh000300,72476322241282.3
2021-04-09,5100.042,5100.042,5022.093,5035.337,12841650900,sh000300,64662039917853.305
2021-04-12,5026.979,5045.602,4933.013,4947.746,15264431400,sh000300,75524529401624.4
2021-04-13,4949.807,4994.54,4924.198,4939.644,13291935800,sh000300,65657430922855.2
2021-04-14,4945.686,4987.119,4940.269,4980.628,12086083800,sh000300,60196287384626.4
2021-04-15,4969.91,4969.91,4900.303,4948.974,10882938400,sh000300,53859379185201.6
2021-04-16,4966.9,4979.173,4917.96,4966.181,11123992400,sh000300,55243759701024.4
2021-04-19,4966.409,5088.211,4940.747,5087.017,15476982400,sh000300,78731672577500.8
2021-04-20,5065.776,5119.859,5058.925,5083.365,13654170000,sh000300,69409129882050.0
2021-04-21,5055.24,5110.562,5047.992,5098.745,12463727700,sh000300,63549369291736.5
2021-04-22,5114.28,5119.225,5067.138,5089.244,12116764500,sh000300,61665171031038.0
2021-04-23,5088.826,5149.983,5086.491,5135.453,12205699100,sh000300,62681794060192.305
2021-04-26,5156.594,5181.107,5072.959,5077.237,15138196700,sh000300,76860212398517.9
2021-04-27,5076.642,5095.984,5042.61,5090.52,12396183700,sh000300,63103021048524.01
2021-04-28,5073.973,5119.446,5059.263,5119.242,12062031800,sh000300,61748459795895.6
2021-04-29,5128.28,5170.585,5113.648,5164.169,14009248000,sh000300,72346124234912.0
2021-04-30,5156.356,5163.252,5094.929,5123.489,16012162100,sh000300,82038136385566.89
2021-05-06,5098.801,5132.899,5037.408,5061.124,15882263000,sh000300,80382102443612.0
2021-05-07,5073.455,5093.747,4996.037,4996.053,17225832100,sh000300,86061170140701.3
2021-05-10,5001.437,5019.393,4953.697,4992.422,17082058500,sh000300,85280844660687.0
2021-05-11,4956.079,5033.494,4925.915,5023.06,15152649700,sh000300,76112668602082.0
2021-05-12,5003.817,5051.168,4995.405,5044.548,12661908600,sh000300,63873605704312.8
2021-05-13,4992.352,5022.084,4975.446,4992.974,13227940600,sh000300,66046763489344.4
2021-05-14,5007.629,5112.984,4981.295,5110.59,15942618000,sh000300,81476184124620.0
2021-05-17,5115.306,5206.695,5115.306,5184.985,15388963400,sh000300,79791544394549.0
2021-05-18,5190.935,5201.672,5156.792,5187.601,11840426100,sh000300,61423406276786.09
2021-05-19,5173.167,5193.557,5151.639,5172.272,11872998300,sh000300,61410376663137.6
2021-05-20,5167.055,5201.594,5152.036,5186.412,13845477500,sh000300,71808350651730.0
2021-05-21,5199.129,5216.162,5123.117,5134.148,12476848500,sh000300,64057986772578.0
2021-05-24,5138.815,5155.588,5092.389,5155.588,12674233600,sh000300,65343126657356.8
2021-05-25,5165.036,5324.361,5161.524,5318.478,18299683900,sh000300,97326466229104.2
2021-05-26,5326.117,5344.284,5308.739,5320.593,16960709600,sh000300,90241032772792.8
2021-05-27,5311.373,5378.476,5286.05,5338.233,14846285500,sh000300,79252931183521.5
2021-05-28,5338.728,5360.277,5288.652,5321.089,16460580600,sh000300,87588214364273.4
2021-05-31,5318.083,5331.629,5281.685,5331.57,14460326900,sh000300,77096245090233.0
2021-06-01,5320.475,5343.753,5269.259,5341.68,14383147400,sh000300,76830170803632.0
2021-06-02,5348.344,5352.64,5266.785,5289.974,13775431900,sh000300,72871676589770.61
2021-06-03,5285.71,5314.369,5255.072,5255.286,14196887800,sh000300,74608705698910.8
2021-06-04,5228.276,5334.49,5221.229,5282.277,14473208700,sh000300,76451497432209.9
2021-06-07,5284.891,5286.842,5242.948,5277.627,12770497100,sh000300,67397920298381.7
2021-06-08,5276.971,5319.041,5201.14,5232.117,13055953200,sh000300,68310274688924.41
2021-06-09,5224.95,5253.356,5215.351,5236.449,12182032100,sh000300,63790589808012.9
2021-06-10,5236.469,5299.53,5229.518,5271.466,13899196700,sh000300,73269142831362.2
2021-06-11,5275.746,5276.104,5213.599,5224.703,18080717300,sh000300,94466377919461.9
2021-06-15,5218.565,5225.502,5137.409,5166.56,14288005800,sh000300,73819839246048.0
2021-06-16,5163.249,5164.519,5076.022,5080.491,12514798500,sh000300,63581321146063.5
2021-06-17,5074.384,5123.365,5073.821,5101.892,12045251800,sh000300,61453573796405.6
2021-06-18,5104.93,5128.031,5064.921,5102.466,14858580500,sh000300,75815401809513.0
2021-06-21,5088.089,5123.783,5058.57,5090.385,13218451600,sh000300,67287007747866.0
2021-06-22,5106.074,5125.819,5086.278,5122.158,13041675300,sh000300,66801521471297.41
2021-06-23,5127.191,5171.033,5109.757,5147.394,13635605800,sh000300,70187835481285.2
2021-06-24,5156.564,5160.435,5120.584,5155.974,12668562500,sh000300,65318778867375.0
2021-06-25,5159.802,5251.608,5157.476,5239.968,15493106100,sh000300,81183380184604.8
2021-06-28,5253.608,5260.637,5226.22,5251.76,13319378300,sh000300,69950178180808.0
2021-06-29,5248.525,5248.525,5182.677,5190.545,12516299700,sh000300,64966416826336.5
2021-06-30,5189.38,5231.426,5186.625,5224.041,10375267100,sh000300,54200820716351.1
2021-07-01,5241.204,5252.264,5190.876,5229.664,12724062000,sh000300,66542568975168.0
2021-07-02,5186.661,5186.661,5074.362,5081.117,13042642400,sh000300,66271192023560.805
2021-07-05,5073.779,5098.231,5048.004,5085.792,13121158900,sh000300,66731484964348.805
2021-07-06,5089.778,5092.207,5028.506,5083.104,14065522000,sh000300,71496511140288.0
2021-07-07,5052.42,5152.771,5045.406,5140.49,14854906000,sh000300,76361495743940.0
2021-07-08,5149.31,5151.217,5078.93,5088.257,17390100800,sh000300,88485302126305.6
2021-07-09,5063.148,5081.409,5006.412,5069.436,16065322600,sh000300,81442124740053.6
2021-07-12,5108.378,5159.412,5070.319,5132.709,20621203900,sh000300,105842638848365.1
2021-07-13,5128.614,5154.051,5114.943,5142.099,16648220900,sh000300,85606800041669.11
2021-07-14,5130.752,5130.752,5075.125,5083.085,18835272000,sh000300,95741288574120.0
2021-07-15,5073.263,5153.806,5067.677,5151.463,18107710300,sh000300,93281199625168.89
2021-07-16,5140.904,5140.904,5090.632,5094.773,16995598200,sh000300,86588714828208.61
2021-07-19,5083.728,5120.824,5047.623,5113.495,15319958900,sh000300,78338533235355.5
2021-07-20,5080.216,5114.003,5067.862,5108.994,12930004400,sh000300,66059314899573.59
2021-07-21,5122.784,5160.545,5122.305,5144.043,16797646900,sh000300,86407817952416.69
2021-07-22,5150.386,5171.21,5137.88,5151.752,18555686400,sh000300,95594294522572.81
2021-07-23,5145.431,5145.431,5079.997,5089.228,21653684700,sh000300,110200538478411.6
2021-07-26,5067.307,5067.307,4859.603,4925.299,22811171000,sh000300,112351837715129.0
2021-07-27,4924.282,4940.86,4749.033,4751.313,23663122500,sh000300,112430901554842.5
2021-07-28,4714.295,4785.657,4663.901,4760.483,19263439300,sh000300,91703275309181.9
2021-07-29,4845.76,4857.971,4800.013,4850.275,17332205400,sh000300,84065962546485.0
2021-07-30,4825.7,4825.7,4761.038,4811.17,18234977600,sh000300,87731577179792.0
2021-08-02,4794.819,4938.815,4761.459,4933.736,22719491800,sh000300,112091974595364.8
2021-08-03,4909.233,4957.029,4890.85,4934.458,20353336000,sh000300,100432681651888.0
2021-08-04,4927.736,4979.291,4919.657,4978.848,17546646100,sh000300,87362083841692.8
2021-08-05,4946.167,4997.14,4921.938,4948.67,16738182900,sh000300,82831743571743.0
2021-08-06,4943.043,4944.349,4891.797,4921.565,15417968800,sh000300,75880535617172.0
2021-08-09,4890.257,5002.894,4884.039,4985.563,18243687100,sh000300,90955051389337.3
2021-08-10,4977.816,5043.761,4941.24,5043.148,16705190200,sh000300,84246746546749.61
2021-08-11,5037.082,5059.789,5009.978,5015.341,18226607400,sh000300,91412651384123.4
2021-08-12,4998.073,5016.263,4962.985,4973.351,16822373300,sh000300,83663567073928.3
2021-08-13,4958.758,4993.743,4921.281,4945.983,15831432100,sh000300,78301994032254.3
2021-08-16,4935.923,4973.376,4931.369,4941.068,16195337300,sh000300,80022262882236.4
2021-08-17,4935.004,4967.565,4823.392,4837.403,18757347200,sh000300,90736847617321.61
2021-08-18,4838.471,4909.541,4818.901,4894.238,19747437800,sh000300,96648660483396.4
2021-08-19,4886.564,4893.467,4839.568,4862.139,20171171900,sh000300,98075041570694.11
2021-08-20,4817.494,4835.153,4720.826,4769.268,17763581000,sh000300,84719278428708.0
2021-08-23,4777.735,4843.819,4764.009,4835.878,16757909300,sh000300,81039204909865.39
2021-08-24,4844.593,4906.204,4842.748,4888.39,19788316300,sh000300,96733007517757.0
2021-08-25,4890.521,4899.765,4865.765,4898.157,18944801600,sh000300,92794612570651.2
2021-08-26,4892.204,4892.204,4798.695,4801.609,19761738700,sh000300,94888142397568.31
2021-08-27,4794.974,4863.469,4793.591,4827.043,18331021100,sh000300,88484627083607.3
2021-08-30,4847.035,4849.16,4787.2,4813.27,21963575700,sh000300,105716620009539.02
2021-08-31,4803.085,4821.756,4740.752,4805.61,23511865800,sh000300,112988857407138.0
2021-09-01,4804.686,4906.402,4763.299,4869.459,32672108000,sh000300,159095490349572.0
2021-09-02,4865.822,4892.705,4845.625,4869.411,26785801300,sh000300,130431075494034.3
2021-09-03,4875.066,4886.548,4828.699,4843.062,26809189600,sh000300,129838567402555.2
2021-09-06,4841.062,4944.45,4837.786,4933.726,24050724500,sh000300,118659684784486.98
2021-09-07,4932.976,5005.961,4915.612,4992.829,24417851900,sh000300,121914159084025.1
2021-09-08,4986.795,5013.976,4955.888,4972.132,26461531500,sh000300,131570227540157.98
2021-09-09,4952.492,4970.147,4929.95,4970.013,25653021700,sh000300,127495851338282.1
2021-09-10,4967.976,5042.799,4962.371,5013.522,28830435200,sh000300,144542021144774.4
2021-09-13,5006.775,5029.724,4964.96,4991.66,24991529800,sh000300,124749219641468.0
2021-09-14,4989.835,5000.977,4907.316,4917.162,24559040200,sh000300,120760779227912.4
2021-09-15,4903.847,4903.847,4843.116,4867.319,18798473000,sh000300,91498164803887.0
2021-09-16,4866.794,4879.531,4806.144,4807.698,21675209900,sh000300,104207863285810.2
2021-09-17,4797.113,4857.958,4786.088,4855.94,20195812700,sh000300,98069654722437.98
2021-09-22,4770.732,4830.85,4765.23,4821.768,19122037600,sh000300,92202028994476.8
2021-09-23,4848.222,4877.336,4837.557,4853.196,22815106400,sh000300,110726183120054.39
2021-09-24,4845.638,4897.06,4838.535,4849.428,20769329000,sh000300,100719365593812.0
2021-09-27,4870.848,4922.563,4852.2,4877.37,21596703000,sh000300,105335111311110.0
2021-09-28,4869.085,4901.311,4846.631,4883.828,17689088000,sh000300,86390463268864.0
2021-09-29,4846.021,4868.068,4799.877,4833.928,18817136600,sh000300,90960683490564.8
2021-09-30,4843.953,4876.073,4843.953,4866.383,14611389600,sh000300,71104617955816.8
2021-10-08,4915.731,4937.092,4891.625,4929.941,16896807700,sh000300,83300265049345.7
2021-10-11,4941.292,4983.729,4930.713,4936.192,16351162400,sh000300,80712477029580.8
2021-10-12,4920.66,4925.488,4840.77,4883.837,16807933700,sh000300,82087208497606.9
2021-10-13,4880.144,4953.375,4869.831,4940.109,13114281300,sh000300,64785979078661.7
2021-10-14,4934.258,4953.923,4903.25,4913.612,11955701300,sh000300,58745677376095.6
2021-10-15,4896.558,4939.815,4881.014,4932.108,14282200100,sh000300,70441353370810.8
2021-10-18,4922.514,4922.514,4844.938,4874.775,14124519900,sh000300,68853856495522.49
2021-10-19,4869.391,4928.143,4868.811,4922.723,13526649300,sh000300,66587947622043.9
2021-10-20,4926.773,4944.022,4898.365,4910.185,14153318300,sh000300,69495411216885.51
2021-10-21,4914.738,4946.176,4893.853,4928.016,14889815400,sh000300,73377248528246.39
2021-10-22,4934.87,4989.887,4934.87,4959.725,14392622800,sh000300,71383451116730.0
2021-10-25,4940.896,4981.65,4930.112,4979.524,14186149000,sh000300,70640269413076.0
2021-10-26,4983.238,5002.575,4953.479,4963.098,14088894300,sh000300,69924563122541.4
2021-10-27,4949.227,4949.227,4884.942,4898.164,14711159300,sh000300,72057670881525.2
2021-10-28,4882.586,4898.658,4846.278,4864.138,15664947200,sh000300,76196464943513.6
2021-10-29,4861.267,4908.77,4855.759,4908.77,15988735300,sh000300,78485024178581.0
2021-11-01,4878.128,4908.206,4858.249,4890.685,17158397400,sh000300,83916316788219.0
2021-11-02,4886.185,4911.227,4797.899,4839.846,18543768800,sh000300,89748985251604.8
2021-11-03,4835.809,4858.713,4804.366,4821.112,14276382000,sh000300,68828036576784.0
2021-11-04,4841.091,4873.939,4834.743,4868.742,13259297000,sh000300,64556096194374.0
2021-11-05,4858.9,4889.684,4841.744,4842.346,14778935900,sh000300,71564721139621.39
2021-11-08,4841.153,4866.082,4827.689,4848.18,13739826400,sh000300,66613151555952.01
2021-11-09,4858.253,4870.791,4818.539,4846.744,11837552600,sh000300,57373587038734.4
2021-11-10,4832.801,4832.801,4753.996,4821.193,13511817900,sh000300,65143081876754.7
2021-11-11,4814.766,4898.653,4809.111,4898.653,16048486300,sh000300,78615965558953.9
2021-11-12,4902.929,4909.084,4875.349,4888.375,13266296900,sh000300,64850634108537.5
2021-11-15,4894.412,4906.33,4863.396,4882.378,12182314900,sh000300,59478666256832.195
2021-11-16,4880.896,4915.372,4876.5,4883.321,12725440600,sh000300,62142411316232.6
2021-11-17,4883.248,4891.523,4864.52,4885.754,10845922300,sh000300,52990508260914.195
2021-11-18,4871.422,4871.422,4830.412,4837.619,11448056500,sh000300,55381335637473.5
2021-11-19,4832.06,4892.809,4829.567,4890.058,12719831200,sh000300,62200712318209.6
2021-11-22,4895.388,4918.996,4893.273,4912.399,13809283600,sh000300,67836710947356.41
2021-11-23,4905.759,4927.521,4896.878,4913.346,15430441100,sh000300,75815096056920.6
2021-11-24,4914.027,4935.489,4899.611,4916.658,13715067300,sh000300,67432295361083.41
2021-11-25,4917.606,4921.333,4891.728,4896.442,11598403100,sh000300,56790908071770.2
2021-11-26,4886.952,4886.952,4850.811,4860.127,12036897400,sh000300,58500850049969.805
2021-11-29,4820.005,4858.532,4818.706,4851.423,13362686200,sh000300,64828043172462.59
2021-11-30,4857.183,4871.253,4810.219,4832.026,12963059600,sh000300,62637841026749.6
2021-12-01,4831.889,4844.524,4823.925,4843.851,12308678900,sh000300,59621406598443.9
2021-12-02,4839.914,4866.851,4830.323,4856.163,14808852100,sh000300,71914199640492.3
2021-12-03,4856.98,4901.018,4853.351,4901.018,14405962600,sh000300,70603882009926.8
2021-12-06,4909.429,4943.903,4888.693,4892.621,17361568300,sh000300,84943573657514.3
2021-12-07,4930.826,4934.097,4895.218,4922.102,17905346000,sh000300,88131939357292.0
2021-12-08,4934.406,4995.93,4915.79,4995.93,15749055900,sh000300,78681180842487.0
2021-12-09,5000.687,5114.501,4999.41,5078.69,22056877600,sh000300,112020043698343.98
2021-12-10,5046.268,5060.055,5035.809,5055.117,19369515400,sh000300,97915166580301.8
2021-12-13,5090.021,5143.841,5079.728,5083.801,21180159600,sh000300,107675716554639.61
2021-12-14,5066.35,5075.214,5038.858,5049.695,15910779000,sh000300,80344581162405.0
2021-12-15,5036.284,5060.368,5003.778,5005.899,15052975200,sh000300,75353673500704.81
2021-12-16,5006.611,5034.732,4987.225,5034.732,14405386700,sh000300,72527261390864.4
2021-12-17,5021.339,5022.107,4954.759,4954.76,14900539900,sh000300,73828599074924.0
2021-12-20,4934.966,4971.673,4872.685,4880.418,16967569000,sh000300,82808829163842.0
2021-12-21,4876.514,4917.799,4872.949,4913.485,14333989800,sh000300,70429843872453.0
2021-12-22,4924.577,4936.673,4903.165,4914.454,13325674000,sh000300,65488411891996.0
2021-12-23,4924.291,4948.739,4906.747,4948.739,13955540600,sh000300,69062328033303.39
2021-12-24,4953.062,4964.906,4905.979,4921.345,14267332300,sh000300,70214464477943.5
2021-12-27,4918.146,4939.689,4894.16,4919.324,12410095200,sh000300,61049279159644.8
2021-12-28,4923.692,4959.145,4913.598,4955.964,13045775700,sh000300,64654394721274.8
2021-12-29,4958.646,4958.646,4883.48,4883.48,11358700200,sh000300,55469985252695.99
2021-12-30,4882.156,4940.178,4878.648,4921.511,12161717800,sh000300,59854027931595.805
2021-12-31,4937.463,4950.364,4923.139,4940.373,12131373700,sh000300,59933511080390.09
2022-01-04,4957.984,4961.453,4874.534,4917.765,15153477600,sh000300,74521241769564.0
2022-01-05,4907.935,4916.282,4851.984,4868.12,17881610000,sh000300,87049823273200.0
2022-01-06,4842.156,4857.56,4786.433,4818.232,15766582600,sh000300,75967052813963.2
2022-01-07,4824.318,4856.652,4818.193,4822.369,18713941300,sh000300,90245530392939.69
2022-01-10,4812.23,4844.393,4780.819,4844.045,15621169600,sh000300,75669648495032.0
2022-01-11,4840.009,4850.879,4791.885,4797.774,14692800400,sh000300,70492735746309.61
2022-01-12,4818.89,4852.731,4810.919,4845.579,14320020400,sh000300,69388790129811.59
2022-01-13,4853.031,4853.063,4765.242,4765.919,14251965300,sh000300,67923712210610.695
2022-01-14,4743.912,4764.052,4723.943,4726.732,14686312600,sh000300,69418263728423.2
2022-01-17,4728.76,4775.239,4726.708,4767.276,11529569100,sh000300,54964638060771.6
2022-01-18,4766.781,4826.3,4747.92,4813.347,15087080200,sh000300,72619352219429.39
2022-01-19,4815.811,4828.752,4755.93,4780.378,13392736000,sh000300,64022340534207.99
2022-01-20,4778.262,4845.005,4777.568,4823.509,16497131500,sh000300,79574062264433.5
2022-01-21,4808.773,4818.305,4762.564,4779.314,13895258500,sh000300,66409803482669.01
2022-01-24,4753.941,4801.098,4746.448,4786.738,11446388000,sh000300,54790860402344.0
2022-01-25,4761.95,4781.391,4678.247,4678.451,13366758600,sh000300,62535725138928.6
2022-01-26,4697.099,4718.995,4648.128,4712.311,10707084200,sh000300,50455110653586.195
2022-01-27,4708.099,4708.436,4616.027,4619.877,12126380400,sh000300,56022385903210.805
2022-01-28,4641.814,4660.519,4559.833,4563.772,12648011200,sh000300,57722639370246.4
2022-02-07,4638.575,4672.654,4615.005,4634.09,14484972000,sh000300,67124663895480.0
2022-02-08,4626.437,4626.437,4522.471,4608.773,15583070800,sh000300,71818835960128.4
2022-02-09,4608.149,4659.461,4595.283,4652.061,14833554700,sh000300,69006601311236.695
2022-02-10,4657.211,4657.211,4608.091,4639.863,15157666600,sh000300,70329496423675.805
2022-02-11,4617.874,4662.596,4595.875,4601.395,15597458400,sh000300,71770067094468.0
2022-02-14,4579.42,4593.632,4530.057,4551.688,14367389400,sh000300,65395873923307.2
2022-02-15,4553.811,4601.453,4550.543,4600.103,11502560000,sh000300,52912960763680.0
2022-02-16,4619.846,4643.1,4607.218,4617.989,10725895500,sh000300,49532067434149.49
2022-02-17,4616.896,4650.159,4606.952,4629.165,11001464300,sh000300,50927593486309.5
2022-02-18,4604.567,4651.342,4598.1,4651.236,10455022800,sh000300,48628778428180.8
2022-02-21,4646.052,4646.672,4613.297,4634.314,11251651200,sh000300,52143684679276.805
2022-02-22,4601.918,4602.066,4550.804,4574.153,12331723700,sh000300,56407190957526.1
2022-02-23,4582.006,4625.298,4579.295,4623.047,12295291600,sh000300,56841710945505.195
2022-02-24,4592.069,4610.879,4488.476,4529.319,18440305800,sh000300,83522027425750.2
2022-02-25,4564.632,4611.86,4561.896,4573.425,14972258300,sh000300,68474500415677.5
2022-02-28,4563.743,4581.646,4530.676,4581.646,13540697800,sh000300,62038683912578.8
2022-03-01,4597.855,4623.431,4583.917,4619.686,12313922000,sh000300,56886453068492.0
2022-03-02,4594.017,4594.017,4558.442,4578.601,11329832500,sh000300,51874782414332.5
2022-03-03,4595.025,4599.397,4544.431,4551.628,13828587700,sh000300,62942586975775.59
2022-03-04,4513.364,4539.393,4481.493,4496.43,12726680600,sh000300,57224628450258.0
2022-03-07,4462.517,4462.517,4338.304,4352.778,16219770600,sh000300,70601060632726.8
2022-03-08,4361.642,4383.647,4252.539,4265.391,16786327700,sh000300,71600251094630.69
2022-03-09,4280.979,4304.482,4068.193,4226.346,19423290000,sh000300,82089543998339.98
2022-03-10,4326.204,4335.673,4288.508,4292.837,14526638300,sh000300,62360490379857.11
2022-03-11,4231.196,4316.044,4176.452,4306.522,15239992100,sh000300,65631361258476.195
2022-03-14,4248.153,4280.361,4174.758,4174.758,13018723600,sh000300,54350020498888.8
2022-03-15,4125.487,4163.418,3983.812,3983.812,20252469900,sh000300,80682032617258.8
2022-03-16,4053.099,4168.585,3942.861,4156.081,19602198200,sh000300,81468323497254.2
2022-03-17,4237.672,4302.743,4217.804,4237.696,17940734400,sh000300,76027378403942.39
2022-03-18,4218.474,4283.368,4194.94,4265.902,14945830500,sh000300,63757448221611.0
2022-03-21,4280.14,4287.817,4223.024,4258.746,12703636000,sh000300,54101559000456.0
2022-03-22,4252.566,4283.334,4236.689,4255.295,12638247000,sh000300,53779469267865.0
2022-03-23,4269.609,4287.577,4241.957,4276.517,11708907800,sh000300,50073343258132.6
2022-03-24,4249.533,4273.957,4216.851,4251.306,10891827200,sh000300,46304490326323.195
2022-03-25,4249.073,4254.845,4173.93,4174.574,10880804600,sh000300,45422723982240.4
2022-03-28,4128.838,4174.121,4091.298,4148.466,11844902100,sh000300,49138173635178.6
2022-03-29,4155.418,4177.213,4124.718,4134.144,10026697200,sh000300,41451810069196.805
2022-03-30,4162.167,4254.099,4160.735,4254.099,13834602400,sh000300,58853768235237.6
2022-03-31,4234.716,4247.36,4214.535,4222.597,13402918500,sh000300,56595123449344.5
2022-04-01,4198.819,4290.671,4190.084,4276.158,13380305300,sh000300,57216299551037.41
2022-04-06,4258.833,4277.524,4236.728,4263.841,15906219500,sh000300,67821590859099.51
2022-04-07,4240.024,4278.113,4205.743,4209.1,13488035300,sh000300,56772489381230.01
2022-04-08,4213.211,4237.813,4175.529,4230.767,14284379300,sh000300,60433880557923.09
2022-04-11,4203.79,4203.79,4089.093,4100.07,14819707100,sh000300,60761836489496.99
2022-04-12,4102.971,4179.973,4075.796,4179.973,14428568400,sh000300,60311026340653.2
2022-04-13,4154.412,4194.037,4139.737,4139.737,12509748900,sh000300,51787070382039.305
2022-04-14,4172.644,4217.061,4155.551,4191.568,12479131600,sh000300,52307128682348.805
2022-04-15,4162.372,4211.317,4152.974,4188.747,12476226300,sh000300,52259755485446.1
2022-04-18,4152.931,4171.743,4119.994,4166.384,11750461000,sh000300,48956932703024.0
2022-04-19,4161.933,4186.939,4115.418,4134.902,11021747100,sh000300,45573844127284.2
2022-04-20,4130.543,4136.166,4060.504,4070.789,11733165800,sh000300,47763242273816.2
2022-04-21,4048.734,4086.439,3978.367,3995.83,13278382800,sh000300,53058160343724.0
2022-04-22,3967.202,4037.084,3953.722,4013.25,12210181100,sh000300,49002509299575.0
2022-04-25,3933.446,3958.21,3814.913,3814.913,16836450200,sh000300,64229592741832.6
2022-04-26,3822.489,3871.85,3773.899,3784.12,15757761100,sh000300,59629258933732.0
2022-04-27,3758.084,3895.731,3757.086,3895.536,17273404600,sh000300,67289169461865.6
2022-04-28,3883.42,3943.435,3873.578,3921.107,15305658600,sh000300,60015125076070.2
2022-04-29,3939.624,4017.428,3898.57,4016.241,17945837700,sh000300,72074809150085.7
2022-05-05,3995.353,4039.7,3988.931,4010.21,15417071600,sh000300,61825694701036.0
2022-05-06,3928.855,3947.238,3902.051,3908.815,12300555100,sh000300,48080594283206.5
2022-05-09,3883.951,3914.112,3854.935,3877.436,9293669400,sh000300,36035608303658.4
2022-05-10,3820.628,3932.682,3808.57,3919.868,13641691800,sh000300,53473631152682.4
2022-05-11,3917.932,4033.303,3916.525,3976.423,16563225600,sh000300,65862391230028.8
2022-05-12,3949.949,3985.927,3935.589,3958.74,11337606600,sh000300,44882636751684.0
2022-05-13,3983.82,4003.854,3957.139,3988.6,10996835700,sh000300,43861978873020.0
2022-05-16,4014.996,4018.028,3947.746,3956.538,11242529400,sh000300,44481494787217.2
2022-05-17,3961.761,4005.893,3955.102,4005.893,10966145400,sh000300,43929205094842.2
2022-05-18,4015.013,4017.341,3964.75,3991.907,10807423300,sh000300,43142228723233.1
2022-05-19,3938.296,3999.598,3933.745,3999.598,11629342000,sh000300,46512693004516.0
2022-05-20,4020.816,4077.602,4020.816,4077.6,14706917300,sh000300,59968925982480.0
2022-05-23,4080.969,4080.969,4029.085,4053.982,13047781000,sh000300,52895469313942.0
2022-05-24,4052.868,4055.783,3959.154,3959.154,14555433600,sh000300,57627203159174.4
2022-05-25,3959.767,3983.624,3946.808,3983.178,10773401500,sh000300,42912375839967.0
2022-05-26,3987.682,4015.747,3938.239,3993.045,12626368900,sh000300,50417659204300.5
2022-05-27,4022.71,4051.143,3983.384,4001.299,11276933700,sh000300,45122383536876.3
2022-05-30,4020.858,4040.819,4003.377,4029.018,11115224100,sh000300,44783437972933.8
2022-05-31,4031.762,4096.197,4020.378,4091.518,13541551300,sh000300,55405500891873.4
2022-06-01,4086.618,4094.901,4058.847,4083.177,11485087900,sh000300,46895646756258.305
2022-06-02,4064.0,4091.152,4057.914,4089.568,11389363800,sh000300,46577577736838.41
2022-06-06,4090.529,4166.615,4063.906,4166.085,16787101100,sh000300,69936490086193.5
2022-06-07,4165.69,4198.086,4155.168,4179.129,14299288100,sh000300,59758569578064.9
2022-06-08,4187.148,4224.81,4158.033,4219.812,15737405700,sh000300,66408893421728.4
2022-06-09,4211.723,4227.448,4160.881,4175.675,16844915400,sh000300,70338892112895.0
2022-06-10,4145.651,4241.354,4140.22,4238.994,18479621400,sh000300,78335004236871.6
2022-06-13,4194.457,4218.233,4156.715,4189.353,16847562200,sh000300,70580385245256.6
2022-06-14,4143.223,4224.086,4102.929,4222.311,17138590400,sh000300,72364458770414.39
2022-06-15,4228.293,4348.423,4228.293,4278.218,25704659000,sh000300,109970134817662.0
2022-06-16,4282.083,4302.921,4241.075,4250.061,18407441600,sh000300,78232749653937.6
2022-06-17,4219.234,4318.766,4218.682,4309.044,15864909800,sh000300,68362594384231.195
2022-06-20,4322.832,4368.356,4297.891,4330.433,16566638200,sh000300,71740716760340.6
2022-06-21,4327.916,4357.34,4287.141,4325.566,16466761500,sh000300,71228063674509.0
2022-06-22,4331.902,4333.183,4269.246,4270.623,15856585400,sh000300,67717498310704.195
2022-06-23,4277.956,4343.878,4260.9,4343.878,17088236000,sh000300,74229212419208.0
2022-06-24,4354.553,4400.685,4346.122,4394.772,16897219900,sh000300,74259428894362.8
2022-06-27,4414.332,4472.695,4414.332,4444.264,17738567600,sh000300,78834877396246.4
2022-06-28,4442.581,4497.895,4407.352,4490.517,17475648900,sh000300,78474698471481.3
2022-06-29,4472.735,4503.131,4413.996,4421.357,18727668800,sh000300,82801709542561.6
2022-06-30,4418.066,4514.997,4418.066,4485.011,15666628900,sh000300,70265002949417.91
2022-07-01,4489.52,4500.985,4449.291,4466.718,14477959900,sh000300,64668964088608.195
2022-07-04,4447.216,4496.034,4427.823,4496.03,14634565100,sh000300,65797443726553.0
2022-07-05,4505.457,4530.325,4439.451,4489.538,15496241500,sh000300,69570965071426.99
2022-07-06,4475.482,4484.362,4393.417,4423.97,14980023500,sh000300,66271174563295.0
2022-07-07,4425.281,4457.343,4391.194,4443.474,13266090600,sh000300,58947528662744.4
2022-07-08,4468.063,4479.494,4426.886,4428.781,12319573900,sh000300,54560694816415.9
2022-07-11,4406.148,4406.148,4330.582,4354.617,13444857800,sh000300,58547206338462.6
2022-07-12,4352.646,4370.341,4296.622,4313.618,13018783800,sh000300,56158060137788.41
2022-07-13,4313.359,4341.466,4284.942,4321.462,13111317900,sh000300,56660062074769.805
2022-07-14,4308.823,4352.098,4292.76,4322.074,14525092600,sh000300,62778525074052.39
2022-07-15,4299.471,4344.857,4248.527,4248.527,15021445300,sh000300,63819015936073.1
2022-07-18,4262.154,4300.778,4217.506,4292.586,12260119200,sh000300,52627616036251.2
2022-07-19,4288.444,4288.444,4238.824,4269.34,10380573000,sh000300,44318195531820.0
2022-07-20,4291.281,4303.367,4269.972,4283.803,9449014400,sh000300,40477716233763.195
2022-07-21,4270.362,4283.147,4236.05,4236.058,11715634400,sh000300,49628106825195.2
2022-07-22,4251.787,4275.47,4207.314,4238.234,10384062400,sh000300,44010086321801.6
2022-07-25,4233.928,4234.845,4201.919,4212.644,8363666400,sh000300,35233149077961.6
2022-07-26,4220.091,4259.985,4214.534,4245.976,8582327400,sh000300,36440356164542.4
2022-07-27,4236.154,4242.095,4217.281,4225.036,7890494000,sh000300,33337621207784.0
2022-07-28,4242.274,4267.918,4223.029,4225.673,10753193000,sh000300,45439477323889.0
2022-07-29,4226.425,4243.514,4160.874,4170.102,11417928600,sh000300,47613926890717.195
2022-08-01,4160.648,4196.574,4129.453,4188.678,10774902900,sh000300,45132598729366.195
2022-08-02,4144.377,4144.377,4071.431,4107.024,14222442500,sh000300,58411912686120.01
2022-08-03,4114.825,4150.98,4058.179,4066.975,11666612400,sh000300,47447820965490.0
2022-08-04,4089.442,4108.159,4064.659,4101.537,8953264400,sh000300,36722145207382.805
2022-08-05,4109.629,4159.485,4097.863,4156.911,10257100400,sh000300,42637853480864.4
2022-08-08,4142.111,4155.73,4135.081,4148.075,9020813800,sh000300,37419012203435.0
2022-08-09,4143.666,4161.809,4131.425,4156.291,8413695900,sh000300,34969768545906.902
2022-08-10,4149.207,4160.787,4092.546,4109.737,8556583900,sh000300,35165309447434.3
2022-08-11,4130.741,4193.812,4116.056,4193.543,12138505100,sh000300,50903343092569.3
2022-08-12,4185.42,4202.466,4175.05,4191.152,10680829500,sh000300,44764979920584.0
2022-08-15,4180.001,4219.918,4174.3,4185.679,10589849500,sh000300,44325710665310.5
2022-08-16,4190.527,4208.801,4170.52,4177.837,9390613900,sh000300,39232454204134.305
2022-08-17,4182.567,4222.787,4155.173,4216.959,11286465900,sh000300,47594563955198.1
2022-08-18,4205.785,4211.914,4173.541,4180.1,10105265000,sh000300,42241018226500.0
2022-08-19,4174.546,4185.658,4151.074,4151.074,11740297800,sh000300,48734844949837.195
2022-08-22,4135.162,4183.65,4134.201,4181.397,11244272000,sh000300,47016765207984.0
2022-08-23,4175.531,4187.388,4147.413,4161.082,10315351200,sh000300,42923022201998.41
2022-08-24,4168.576,4174.157,4079.093,4082.42,11906967900,sh000300,48609243894318.0
2022-08-25,4093.295,4119.62,4058.745,4116.24,11132074500,sh000300,45822290339880.0
2022-08-26,4127.814,4139.788,4102.682,4107.546,9900049300,sh000300,40664907902017.805
2022-08-29,4063.883,4092.947,4059.596,4089.521,9435443200,sh000300,38586443110707.2
2022-08-30,4088.526,4093.136,4048.524,4075.794,9330166200,sh000300,38027835416962.8
2022-08-31,4057.144,4112.849,4046.623,4078.84,13244976500,sh000300,54024139947260.0
2022-09-01,4066.187,4090.885,4041.128,4043.74,9738707100,sh000300,39380799448554.0
2022-09-02,4054.842,4056.181,4004.911,4023.613,8678927800,sh000300,34920646722141.4
2022-09-05,4010.405,4016.999,3982.74,4015.426,9376710900,sh000300,37651488742343.4
2022-09-06,4024.473,4054.004,4009.583,4052.28,11350626500,sh000300,45995916753420.0
2022-09-07,4032.723,4067.544,4028.374,4054.983,10767805900,sh000300,43663269871799.7
2022-09-08,4059.169,4067.758,4036.023,4037.684,10088604900,sh000300,40734598587051.6
2022-09-09,4050.585,4099.008,4042.25,4093.787,11842711400,sh000300,48481537974071.8
2022-09-13,4112.012,4128.111,4097.141,4111.115,11178973700,sh000300,45958046462675.5
2022-09-14,4058.044,4089.058,4047.919,4065.359,9079368100,sh000300,36910890819647.9
2022-09-15,4078.65,4088.808,3998.856,4027.119,12395119600,sh000300,49916621648432.4
2022-09-16,4013.583,4019.41,3932.683,3932.683,13719365500,sh000300,53953915472636.5
2022-09-19,3928.424,3953.649,3910.311,3928.0,9771957500,sh000300,38384249060000.0
2022-09-20,3945.647,3957.554,3921.688,3932.836,8482413400,sh000300,33359940786402.4
2022-09-21,3921.318,3924.391,3884.227,3903.735,8645839100,sh000300,33751064699038.5
2022-09-22,3875.177,3900.274,3860.231,3869.344,8094691900,sh000300,31321147535113.6
2022-09-23,3865.105,3888.396,3829.691,3856.021,9434246200,sh000300,36378651466370.2
2022-09-26,3829.596,3893.319,3827.95,3836.677,10452603100,sh000300,40103261903898.7
2022-09-27,3844.069,3893.028,3827.927,3892.295,8886016000,sh000300,34586995646720.0
2022-09-28,3879.44,3879.44,3828.055,3828.71,8659221300,sh000300,33153647183523.0
2022-09-29,3864.316,3873.182,3808.65,3827.143,8565414200,sh000300,32781064997630.6
2022-09-30,3833.35,3848.602,3801.28,3804.885,7855996600,sh000300,29891163623391.0
2022-10-10,3806.56,3807.457,3715.714,3720.937,10264759500,sh000300,38194523419651.5
2022-10-11,3732.019,3739.808,3706.063,3727.687,8394462500,sh000300,31291928733237.5
2022-10-12,3722.866,3784.306,3661.526,3784.306,10808931900,sh000300,40904305842761.4
2022-10-13,3756.418,3783.596,3749.639,3752.673,9901891500,sh000300,37158560880979.5
2022-10-14,3783.316,3863.227,3780.842,3842.47,11624229300,sh000300,44665752358371.0
2022-10-17,3822.243,3849.621,3809.12,3846.412,10419201900,sh000300,40076543218582.8
2022-10-18,3865.826,3870.216,3831.172,3838.267,8834690700,sh000300,33909901769016.9
2022-10-19,3827.466,3840.487,3776.534,3776.534,8157484400,sh000300,30807017191069.6
2022-10-20,3746.579,3804.247,3726.793,3754.927,9029089500,sh000300,33903571948966.5
2022-10-21,3753.89,3768.69,3724.69,3742.893,9875003800,sh000300,36961082597993.4
2022-10-24,3727.915,3762.158,3619.988,3633.373,13005686400,sh000300,47254509812227.2
2022-10-25,3621.936,3670.733,3594.701,3627.454,11095388200,sh000300,40248010307642.805
2022-10-26,3633.311,3700.88,3633.311,3656.903,12130154800,sh000300,44358799478584.4
2022-10-27,3667.665,3685.084,3631.064,3631.145,11799867500,sh000300,42847029873287.5
2022-10-28,3605.16,3618.864,3533.499,3541.33,11877216200,sh000300,42061142045546.0
2022-10-31,3504.507,3553.387,3495.951,3508.703,13846565500,sh000300,48583485909546.5
2022-11-01,3519.817,3634.173,3517.621,3634.173,14928669800,sh000300,54253368713075.4
2022-11-02,3620.369,3703.465,3610.803,3677.805,14159291900,sh000300,52075114546279.5
2022-11-03,3645.06,3670.157,3628.499,3647.897,11056603500,sh000300,40333350737839.5
2022-11-04,3646.771,3782.882,3646.771,3767.175,14973494900,sh000300,56407775649907.5
2022-11-07,3754.523,3792.794,3746.372,3775.297,12982637100,sh000300,49013310895718.7
2022-11-08,3773.661,3779.116,3723.342,3749.325,9901645100,sh000300,37124485514557.5
2022-11-09,3750.782,3760.407,3711.268,3714.27,8943452500,sh000300,33218397317175.0
2022-11-10,3685.827,3701.531,3665.059,3685.689,10350930200,sh000300,38150309577907.8
2022-11-11,3787.757,3828.9,3747.09,3788.439,18968558600,sh000300,71861227174025.39
2022-11-14,3818.145,3848.412,3781.778,3794.017,16966504800,sh000300,64371207641781.59
2022-11-15,3788.926,3871.642,3775.499,3865.973,15151565000,sh000300,58575541197745.0
2022-11-16,3860.811,3877.678,3829.313,3834.39,12061096400,sh000300,46246947425196.0
2022-11-17,3821.271,3821.742,3776.574,3818.664,10594063200,sh000300,40455167755564.805
2022-11-18,3823.821,3840.302,3801.569,3801.569,11507877700,sh000300,43747991120111.3
2022-11-21,3769.627,3769.873,3733.995,3769.127,9586696600,sh000300,36133476995868.2
2022-11-22,3766.082,3809.858,3751.045,3769.573,14448633400,sh000300,54465178351538.195
2022-11-23,3760.216,3791.178,3753.214,3773.529,14452791100,sh000300,54538026346791.9
2022-11-24,3791.54,3804.899,3751.382,3756.808,10107344700,sh000300,37971353427717.6
2022-11-25,3751.282,3790.566,3743.414,3775.776,14292971100,sh000300,53967057248073.6
2022-11-28,3701.902,3736.081,3672.131,3733.242,12782574800,sh000300,47720445111501.6
2022-11-29,3766.57,3854.774,3766.57,3848.422,17870139200,sh000300,68771836840342.4
2022-11-30,3836.56,3867.659,3833.827,3853.037,15751140000,sh000300,60689725212180.0
2022-12-01,3921.295,3944.565,3893.872,3894.769,16996458500,sh000300,66197279675586.5
2022-12-02,3886.403,3898.115,3865.884,3870.948,11678635000,sh000300,45207388795980.0
2022-12-05,3907.638,3947.476,3900.674,3946.876,20174722100,sh000300,79627126463159.61
2022-12-06,3929.006,3988.901,3922.997,3968.198,15510832300,sh000300,61550053711195.4
2022-12-07,3956.672,3999.586,3944.183,3958.441,14300135600,sh000300,56606243064599.59
2022-12-08,3953.199,3971.493,3941.297,3959.18,11519998600,sh000300,45609748057148.0
2022-12-09,3961.992,4003.318,3944.44,3998.244,15377495400,sh000300,61482978718077.6
2022-12-12,3976.172,3983.433,3950.32,3953.443,12593536800,sh000300,49787829907202.41
2022-12-13,3953.548,3964.396,3939.98,3945.681,10099410000,sh000300,39849050148210.0
2022-12-14,3952.789,3972.738,3935.767,3954.886,9852800600,sh000300,38966703153731.6
2022-12-15,3954.672,3963.5,3926.5,3951.989,8886472500,sh000300,35119241568802.5
2022-12-16,3931.232,3960.471,3929.487,3954.227,9317856700,sh000300,36844920545270.9
2022-12-19,3952.771,3966.568,3878.437,3893.221,10691907500,sh000300,41625958809057.5
2022-12-20,3881.226,3881.273,3811.476,3829.017,8309682200,sh000300,31817914408397.4
2022-12-21,3839.001,3853.727,3821.404,3830.538,6483921500,sh000300,24836907694767.0
2022-12-22,3859.204,3882.126,3821.342,3836.028,8370517300,sh000300,32109538737284.4
2022-12-23,3811.616,3848.344,3805.949,3828.219,6527814800,sh000300,24989904645841.2
2022-12-26,3830.568,3856.807,3827.519,3843.489,7300571200,sh000300,28059665100916.8
2022-12-27,3860.905,3891.85,3856.58,3887.854,7751535000,sh000300,30136836355890.0
2022-12-28,3874.913,3884.721,3854.941,3871.264,8442465600,sh000300,32683013148518.402
2022-12-29,3854.236,3868.293,3838.48,3856.701,7939481500,sh000300,30620206240531.5
2022-12-30,3873.936,3887.553,3868.757,3871.634,7877327200,sh000300,30498127816644.8
2023-01-03,3864.836,3893.99,3831.245,3887.899,11505187500,sh000300,44731006976062.5
2023-01-04,3886.25,3905.903,3873.655,3892.948,11066074300,sh000300,43079651814036.4
2023-01-05,3913.493,3974.875,3912.26,3968.578,11650239500,sh000300,46234884174431.0
2023-01-06,3969.549,4000.414,3966.47,3980.889,11095303800,sh000300,44169172849078.2
2023-01-09,3998.528,4023.09,3990.707,4013.12,11705442500,sh000300,46975345405600.0
2023-01-10,4014.713,4030.457,4002.23,4017.474,10175114100,sh000300,40878256343783.4
2023-01-11,4019.884,4043.399,4008.015,4010.031,9999788900,sh000300,40099463482455.9
2023-01-12,4021.755,4030.288,4003.508,4017.869,9055262700,sh000300,36382859289186.305
2023-01-13,4032.291,4074.377,4027.886,4074.377,9587189600,sh000300,39061824800879.2
2023-01-16,4077.879,4177.104,4076.639,4137.964,15139545500,sh000300,62646894255362.0
2023-01-17,4138.843,4148.584,4118.157,4137.242,9547904000,sh000300,39501989440768.0
2023-01-18,4140.102,4151.458,4125.769,4130.314,8420064500,sh000300,34777510285253.004
2023-01-19,4125.577,4156.008,4105.98,4156.008,9460839800,sh000300,39319325895518.4
2023-01-20,4166.844,4189.831,4161.67,4181.527,12355380900,sh000300,51664358828634.3
2023-01-30,4267.625,4268.152,4197.86,4201.345,16460706400,sh000300,69157106530108.01
2023-01-31,4200.581,4212.735,4153.048,4156.858,12455083500,sh000300,51774013487643.0
2023-02-01,4170.132,4195.933,4137.766,4195.933,14100895400,sh000300,59166412338408.2
2023-02-02,4207.412,4207.412,4170.557,4181.149,13382373600,sh000300,55953697995266.41
2023-02-03,4162.026,4162.026,4103.165,4141.632,11704122100,sh000300,48474166621267.195
2023-02-06,4103.831,4105.945,4065.222,4086.878,11019271700,sh000300,45034419086752.6
2023-02-07,4098.312,4107.344,4077.962,4094.234,9136007200,sh000300,37404951302484.8
2023-02-08,4099.857,4111.475,4072.647,4076.141,8478609900,sh000300,34560009436395.902
2023-02-09,4067.563,4130.857,4064.749,4130.857,10228996100,sh000300,42254520142657.7
2023-02-10,4124.099,4125.289,4092.347,4106.31,9671673300,sh000300,39714888788523.0
2023-02-13,4098.88,4146.45,4092.273,4143.574,12889257700,sh000300,53407593085019.8
2023-02-14,4151.247,4152.049,4125.258,4145.29,10249989000,sh000300,42489176901810.0
2023-02-15,4146.855,4153.716,4115.967,4123.689,12166450800,sh000300,50170659333001.2
2023-02-16,4125.409,4167.9,4068.859,4093.488,15931058500,sh000300,65213596797048.0
2023-02-17,4086.224,4104.64,4032.929,4034.507,11614258900,sh000300,46857808831862.3
2023-02-20,4039.962,4134.862,4035.476,4133.49,16179448100,sh000300,66877586926869.0
2023-02-21,4130.063,4151.799,4116.272,4144.354,14577617300,sh000300,60414806567724.2
2023-02-22,4118.967,4134.876,4101.86,4106.951,10429029500,sh000300,42831513134054.5
2023-02-23,4106.214,4132.39,4088.207,4103.646,10356490600,sh000300,42499371224727.59
2023-02-24,4100.99,4102.609,4048.237,4061.046,10098942500,sh000300,41012270043855.0
2023-02-27,4040.457,4067.03,4034.524,4043.844,9378763000,sh000300,37926254484972.0
2023-02-28,4058.13,4074.264,4026.448,4069.459,11032359100,sh000300,44895733030726.9
2023-03-01,4068.733,4135.481,4061.217,4126.942,15601579400,sh000300,64386813292194.8
2023-03-02,4119.992,4137.253,4113.826,4117.738,14821763700,sh000300,61032139614510.6
2023-03-03,4126.018,4135.212,4100.383,4130.551,16033174100,sh000300,66225843311929.11
2023-03-06,4131.153,4132.837,4088.448,4109.01,16297180700,sh000300,66965278468107.0
2023-03-07,4103.642,4124.961,4046.568,4048.852,19591206800,sh000300,79321896834593.6
2023-03-08,4030.739,4037.287,4011.523,4034.108,11793649300,sh000300,47576854990324.4
2023-03-09,4035.843,4043.849,4000.89,4019.851,11653962900,sh000300,46847194417527.9
2023-03-10,3991.796,4004.361,3966.428,3967.135,12385540900,sh000300,49135112798321.5
2023-03-13,3962.643,4008.686,3962.643,4008.686,14356137000,sh000300,57549245405982.0
2023-03-14,3999.88,4001.942,3946.941,3984.696,15054417400,sh000300,59987276796110.4
2023-03-15,4011.844,4018.75,3986.902,3986.902,14202600700,sh000300,56624377136031.4
2023-03-16,3958.196,3981.321,3936.476,3939.151,15251564400,sh000300,60078215157824.4
2023-03-17,3971.159,4004.215,3945.25,3958.819,17743381800,sh000300,70242836994094.2
2023-03-20,3962.663,3979.549,3935.016,3939.077,20526497000,sh000300,80855452223269.0
2023-03-21,3948.157,3982.705,3948.157,3982.378,14509067900,sh000300,57780592805466.2
2023-03-22,3993.785,4016.45,3986.709,3999.443,14922897000,sh000300,59683275946371.0
2023-03-23,3985.993,4039.09,3983.999,4039.09,15888742100,sh000300,64176059328689.0
2023-03-24,4035.156,4037.842,4017.003,4027.046,15944233000,sh000300,64208159725718.0
2023-03-27,4023.303,4023.303,3987.03,4012.477,16848227900,sh000300,67603126939508.3
2023-03-28,4015.697,4023.783,3994.6,3999.515,13189511700,sh000300,52751649886825.5
2023-03-29,4013.593,4017.757,3992.666,4006.144,13374351000,sh000300,53579576012544.0
2023-03-30,4009.557,4040.502,3983.896,4038.526,14990103700,sh000300,60537923535146.195
2023-03-31,4045.454,4063.568,4039.959,4050.926,13884254600,sh000300,56244087949759.6
2023-04-03,4059.623,4094.938,4059.061,4090.568,18212431300,sh000300,74499188677978.4
2023-04-04,4089.293,4103.158,4080.068,4103.105,19714663100,sh000300,80891332738925.48
2023-04-06,4084.132,4098.833,4078.405,4096.64,15070337400,sh000300,61737747006336.01
2023-04-07,4096.901,4131.313,4092.185,4123.28,12867673800,sh000300,53057022026064.0
2023-04-10,4132.01,4132.295,4099.052,4104.812,15245300200,sh000300,62579091204562.4
2023-04-11,4108.506,4116.125,4083.495,4100.148,15390133300,sh000300,63101824269728.4
2023-04-12,4102.397,4108.245,4090.278,4097.288,16596527800,sh000300,68000754196606.39
2023-04-13,4081.387,4088.881,4059.574,4068.979,15644429500,sh000300,63656855102480.5
2023-04-14,4078.97,4098.215,4075.205,4091.999,15069568200,sh000300,61664658004831.8
2023-04-17,4090.072,4149.384,4089.509,4149.384,18877309500,sh000300,78329206002348.0
2023-04-18,4139.309,4169.668,4138.462,4162.032,17018413000,sh000300,70831179495216.0
2023-04-19,4159.394,4159.394,4118.626,4124.559,16255459200,sh000300,67046600542492.805
2023-04-20,4122.946,4125.823,4094.002,4113.019,16270667700,sh000300,66921565392786.305
2023-04-21,4114.264,4114.264,4031.912,4032.567,18080243500,sh000300,72909793290064.5
2023-04-24,4031.303,4033.637,3967.907,3982.643,17009921700,sh000300,67744445589053.1
2023-04-25,3985.106,3991.687,3925.436,3962.666,17255540900,sh000300,68377945236039.41
2023-04-26,3950.255,3975.656,3934.663,3959.232,16270200600,sh000300,64417498861939.2
2023-04-27,3948.031,3999.13,3942.815,3988.419,15382819500,sh000300,61353129567370.5
2023-04-28,3993.256,4030.447,3993.256,4029.086,17950848800,sh000300,72325513588196.8
2023-05-04,4013.471,4035.783,4001.126,4030.247,22758284600,sh000300,91721508234296.2
2023-05-05,4031.095,4047.602,3998.392,4016.877,20662692400,sh000300,82999493859634.8
2023-05-08,4028.106,4070.772,4018.961,4062.662,25558308500,sh000300,103834768727227.0
2023-05-09,4065.439,4092.85,4026.389,4027.875,27930604800,sh000300,112500984808800.0
2023-05-10,4017.936,4019.059,3984.629,3996.87,20755270900,sh000300,82956119602083.0
2023-05-11,4005.782,4018.058,3988.482,3990.664,14480461900,sh000300,57786658007701.6
2023-05-12,3987.769,3999.383,3937.527,3937.762,14442172800,sh000300,56869839249273.6
2023-05-15,3938.83,3998.887,3923.032,3998.887,17625736200,sh000300,70483327355609.4
2023-05-16,4002.524,4005.015,3966.992,3978.205,13683327100,sh000300,54435080285855.5
2023-05-17,3971.702,3982.604,3945.714,3960.165,11844818500,sh000300,46907435655052.5
2023-05-18,3965.516,3982.718,3939.553,3956.07,13653394700,sh000300,54013785170829.0
2023-05-19,3946.222,3967.282,3928.316,3944.54,12021247900,sh000300,47418293191466.0
2023-05-22,3941.002,3985.403,3935.802,3969.328,10911660500,sh000300,43311959549144.0
2023-05-23,3968.235,3971.939,3913.188,3913.188,11868507700,sh000300,46443701909547.6
2023-05-24,3903.782,3903.782,3859.094,3859.094,13725826500,sh000300,52969254691191.0
2023-05-25,3851.405,3861.382,3817.837,3850.5,12415077000,sh000300,47804253988500.0
2023-05-26,3848.417,3859.629,3815.57,3850.951,10032643900,sh000300,38635220059348.9
2023-05-29,3862.084,3866.724,3819.182,3833.942,13185996700,sh000300,50554346559991.4
2023-05-30,3827.792,3844.005,3789.274,3837.753,13761962900,sh000300,52815014405363.7
2023-05-31,3827.163,3827.163,3781.403,3798.543,12638736800,sh000300,48008785200482.4
2023-06-01,3788.59,3832.205,3786.734,3806.868,13456188100,sh000300,51225931879870.8
2023-06-02,3821.62,3865.284,3821.62,3861.834,12501511000,sh000300,48278760231174.0
2023-06-05,3860.556,3860.556,3832.458,3844.249,11616398900,sh000300,44656329854926.09
2023-06-06,3840.459,3867.845,3802.845,3808.163,12578125800,sh000300,47899553280905.4
2023-06-07,3815.482,3823.112,3780.102,3789.342,9886243200,sh000300,37462356579974.4
2023-06-08,3791.083,3834.389,3777.775,3820.187,11870093400,sh000300,45345976495465.8
2023-06-09,3822.409,3836.703,3811.219,3836.703,13431986300,sh000300,51534542133168.9
2023-06-12,3827.325,3859.716,3813.858,3844.432,12675854300,sh000300,48731459898257.59
2023-06-13,3838.129,3867.303,3833.46,3864.907,11092494600,sh000300,42871460027002.2
2023-06-14,3872.716,3891.666,3862.061,3864.025,12495575900,sh000300,48283217666997.5
2023-06-15,3871.775,3925.499,3871.775,3925.499,12836993800,sh000300,50391606324906.195
2023-06-16,3932.211,3968.013,3928.542,3963.351,13976007600,sh000300,55391823697467.6
2023-06-19,3957.033,3957.033,3922.474,3930.908,13490584800,sh000300,53030247714998.4
2023-06-20,3926.094,3937.495,3918.473,3924.238,12252031800,sh000300,48079888766768.4
2023-06-21,3909.104,3920.128,3864.032,3864.032,11834657500,sh000300,45729495289040.0
2023-06-26,3833.444,3841.286,3801.054,3809.696,13399041900,sh000300,51046276330262.4
2023-06-27,3811.687,3851.896,3806.324,3845.433,11699268100,sh000300,44988751627587.3
2023-06-28,3836.609,3846.852,3808.161,3840.799,10702154100,sh000300,41104822765125.9
2023-06-29,3836.731,3840.713,3817.376,3821.844,9828927400,sh000300,37564627210125.6
2023-06-30,3816.335,3860.031,3813.552,3842.452,10126842900,sh000300,38911907754790.805
2023-07-03,3853.292,3897.327,3853.292,3892.882,13315805100,sh000300,51836857989298.2
2023-07-04,3888.033,3899.976,3878.398,3899.013,10949452700,sh000300,42692058420185.1
2023-07-05,3895.195,3899.519,3864.13,3868.805,9763638400,sh000300,37773613060112.0
2023-07-06,3857.03,3876.89,3836.457,3842.755,10012184200,sh000300,38474370895471.0
2023-07-07,3831.596,3844.844,3819.077,3825.699,10090692000,sh000300,38603950293708.0
2023-07-10,3841.559,3865.457,3831.92,3844.327,9203344100,sh000300,35380664213920.7
2023-07-11,3853.796,3870.655,3844.524,3869.486,8651071600,sh000300,33475200441197.598
2023-07-12,3864.601,3874.04,3838.563,3843.437,11152202400,sh000300,42862787335648.8
2023-07-13,3855.662,3901.102,3855.662,3898.423,12030023200,sh000300,46898119133413.59
2023-07-14,3904.603,3908.487,3893.786,3899.103,12236484600,sh000300,47711313813313.805
2023-07-17,3881.623,3881.623,3852.263,3867.175,9834014400,sh000300,38029854637320.0
2023-07-18,3871.044,3871.044,3844.513,3854.939,9143861500,sh000300,35249028306948.5
2023-07-19,3848.483,3860.009,3830.407,3850.866,7958570000,sh000300,30647386621620.0
2023-07-20,3857.773,3875.624,3818.713,3823.695,9204207600,sh000300,35194082579082.0
2023-07-21,3816.984,3849.511,3808.803,3821.91,7950756300,sh000300,30387075010533.0
2023-07-24,3803.349,3828.785,3798.805,3805.221,7548354500,sh000300,28723157058844.5
2023-07-25,3866.645,3915.815,3866.645,3915.115,16306632000,sh000300,63842339542680.0
2023-07-26,3908.174,3912.983,3893.399,3907.013,10788171700,sh000300,42149527078132.1
2023-07-27,3914.23,3935.358,3894.692,3902.346,11066710900,sh000300,43186135013771.4
2023-07-28,3889.793,4000.919,3886.554,3992.738,17973548100,sh000300,71763668493697.8
2023-07-31,4018.89,4064.362,4002.078,4014.63,19960683000,sh000300,80134756792290.0
2023-08-01,4009.183,4031.701,3983.027,3998.001,14228685900,sh000300,56886300456885.91
2023-08-02,3985.695,4008.334,3958.513,3969.895,12585569000,sh000300,49963387445255.0
2023-08-03,3962.13,4005.0,3962.13,4004.984,12900664000,sh000300,51666952909376.0
2023-08-04,4033.724,4058.243,4011.62,4020.579,17826718900,sh000300,71673731648243.11
2023-08-07,4002.968,4002.968,3977.017,3990.153,12131066200,sh000300,48404810191128.59
2023-08-08,3980.042,4002.29,3963.463,3979.732,10987169900,sh000300,43725991640466.8
2023-08-09,3967.357,3982.109,3961.843,3967.565,9464026900,sh000300,37549141887498.5
2023-08-10,3962.857,3976.464,3945.387,3975.717,9717684900,sh000300,38634765057573.305
2023-08-11,3977.983,3977.983,3884.254,3884.254,12608293100,sh000300,48973812906847.4
2023-08-14,3840.887,3859.472,3814.071,3855.906,11596633600,sh000300,44715529078041.6
2023-08-15,3858.366,3865.284,3811.684,3846.536,10309711100,sh000300,39656674895749.6
2023-08-16,3830.827,3852.42,3817.632,3818.334,9461694600,sh000300,36127910188796.4
2023-08-17,3801.197,3836.151,3782.497,3831.101,9841549300,sh000300,37703969364779.305
2023-08-18,3832.455,3844.195,3784.004,3784.004,9554963800,sh000300,36156021239055.195
2023-08-21,3773.225,3782.111,3729.555,3729.555,9870836900,sh000300,36813829114579.5
2023-08-22,3748.068,3770.056,3704.679,3758.227,12031832700,sh000300,45218358512622.9
2023-08-23,3751.774,3756.166,3695.031,3696.634,9708163800,sh000300,35887528380649.2
2023-08-24,3711.54,3748.857,3701.572,3723.429,11961452100,sh000300,44537617631250.9
2023-08-25,3703.514,3734.219,3695.844,3709.152,10518261000,sh000300,39013828824672.0
2023-08-28,3911.549,3911.549,3740.528,3752.619,19799037900,sh000300,74298245805260.11
2023-08-29,3743.053,3810.377,3742.076,3790.107,15248614600,sh000300,57793880935762.2
2023-08-30,3803.119,3813.703,3780.241,3788.51,12967166100,sh000300,49126238441511.0
2023-08-31,3786.926,3793.997,3762.005,3765.268,11896164600,sh000300,44792247891112.8
2023-09-01,3778.913,3808.531,3778.913,3791.491,10531904500,sh000300,39931621124609.5
2023-09-04,3812.987,3854.261,3804.589,3848.952,14238520100,sh000300,54803380415935.2
2023-09-05,3839.578,3839.578,3814.334,3820.317,10405233300,sh000300,39751289664956.1
2023-09-06,3808.1,3817.524,3790.895,3812.028,9344239300,sh000300,35620501850300.4
2023-09-07,3802.227,3802.227,3756.853,3758.475,9510390300,sh000300,35744564182792.5
2023-09-08,3747.651,3753.263,3724.987,3739.993,7163816600,sh000300,26792623937283.8
2023-09-11,3740.585,3788.322,3734.723,3767.537,10535801600,sh000300,39694022352659.195
2023-09-12,3764.333,3775.093,3755.416,3760.605,7938537800,sh000300,29853704943369.0
2023-09-13,3759.609,3768.816,3719.111,3736.651,8157690100,sh000300,30482440869855.098
2023-09-14,3736.936,3748.818,3717.311,3733.508,10038607500,sh000300,37479221410110.0
2023-09-15,3740.785,3749.025,3699.381,3708.777,10939568900,sh000300,40572421526235.3
2023-09-18,3698.934,3737.531,3691.111,3727.711,8672774100,sh000300,32329595413085.098
2023-09-19,3723.424,3724.072,3702.693,3720.502,8319903800,sh000300,30954218727707.598
2023-09-20,3715.958,3718.521,3705.127,3705.69,7544820900,sh000300,27958767360921.0
2023-09-21,3698.313,3708.456,3672.445,3672.445,8303100500,sh000300,30492679915722.5
2023-09-22,3672.64,3740.418,3664.766,3738.933,11023116600,sh000300,41214694418587.8
2023-09-25,3738.062,3738.062,3711.205,3714.604,9259647900,sh000300,34395925127931.598
2023-09-26,3711.711,3723.848,3692.617,3692.893,7804452500,sh000300,28821008006082.5
2023-09-27,3694.961,3731.141,3694.394,3700.495,9162921000,sh000300,33907343345895.0
2023-09-28,3711.212,3716.057,3685.3,3689.517,8522171900,sh000300,31442698101972.297
2023-10-09,3678.929,3694.171,3641.997,3684.727,10214805800,sh000300,37638770731016.6
2023-10-10,3696.254,3701.256,3655.589,3657.126,9916373000,sh000300,36265425523998.0
2023-10-11,3674.751,3689.535,3658.355,3667.548,10209158700,sh000300,37442579571867.6
2023-10-12,3697.934,3711.499,3682.842,3702.382,11436322500,sh000300,42341634570195.0
2023-10-13,3677.959,3678.191,3652.309,3663.41,9828798700,sh000300,36006919445567.0
2023-10-16,3664.039,3664.039,3615.769,3626.597,9185311800,sh000300,33311424217944.6
2023-10-17,3635.299,3645.565,3619.128,3639.402,9074518800,sh000300,33025821869757.6
2023-10-18,3631.067,3632.058,3608.977,3610.577,9454587900,sh000300,34136517616218.3
2023-10-19,3588.515,3588.515,3532.306,3533.545,11173752000,sh000300,39482955510840.0
2023-10-20,3518.346,3535.662,3501.725,3510.589,9851860500,sh000300,34585833100834.5
2023-10-23,3500.199,3505.347,3450.646,3474.244,9656165200,sh000300,33547874009108.8
2023-10-24,3481.764,3495.004,3453.102,3487.13,11554728900,sh000300,40292841789057.0
2023-10-25,3524.297,3531.831,3500.915,3504.458,12800961700,sh000300,44860432637258.6
2023-10-26,3484.781,3515.572,3478.05,3514.145,10514356600,sh000300,36948973674107.0
2023-10-27,3501.171,3576.586,3494.549,3562.385,12022510800,sh000300,42828812136258.0
2023-10-30,3554.106,3592.719,3554.024,3583.772,14401042600,sh000300,51610053240687.195
2023-10-31,3581.676,3581.676,3554.582,3572.506,11258726700,sh000300,40221868688110.195
2023-11-01,3605.758,3606.413,3564.642,3571.027,9764553800,sh000300,34869485262752.6
2023-11-02,3580.067,3597.17,3553.741,3554.189,9035964300,sh000300,32115524919452.7
2023-11-03,3558.53,3596.101,3558.53,3584.136,9754210100,sh000300,34960415570973.6
2023-11-06,3608.319,3635.79,3600.63,3632.608,15298246300,sh000300,55572531895350.41
2023-11-07,3623.785,3628.462,3606.298,3619.759,11028859100,sh000300,39921811986956.9
2023-11-08,3610.643,3627.048,3591.825,3611.072,11059423000,sh000300,39936372731456.0
2023-11-09,3603.108,3624.414,3601.374,3612.826,11187205700,sh000300,40417427620308.2
2023-11-10,3596.069,3599.452,3576.101,3586.489,10210703400,sh000300,36620575426362.6
2023-11-13,3593.911,3599.39,3562.768,3579.414,9670764900,sh000300,34615671273768.6
2023-11-14,3581.103,3600.148,3568.882,3582.058,10088415800,sh000300,36137290523716.4
2023-11-15,3616.877,3620.601,3596.916,3607.245,10492921800,sh000300,37850539698441.0
2023-11-16,3600.981,3605.29,3572.364,3572.364,8746478000,sh000300,31245603133992.0
2023-11-17,3561.311,3573.682,3547.029,3568.069,8731920700,sh000300,31156095560128.3
2023-11-20,3569.731,3586.973,3545.104,3576.323,9108044500,sh000300,32573309030373.5
2023-11-21,3587.878,3615.057,3575.682,3581.067,10859431400,sh000300,38888351425303.8
2023-11-22,3569.439,3574.378,3544.416,3544.416,8478438100,sh000300,30051111656649.6
2023-11-23,3541.442,3562.068,3529.939,3561.52,8480016700,sh000300,30201749077384.0
2023-11-24,3560.646,3560.646,3533.996,3538.009,8501840300,sh000300,30079587497962.7
2023-11-27,3534.445,3534.445,3492.862,3511.942,9910231400,sh000300,34804157883378.8
2023-11-28,3510.655,3521.046,3501.109,3518.523,8933578900,sh000300,31433002831964.703
2023-11-29,3518.884,3519.198,3482.244,3488.307,9884141200,sh000300,34478918936948.4
2023-11-30,3485.517,3505.127,3481.452,3496.203,10135082000,sh000300,35434304093646.0
2023-12-01,3494.223,3494.223,3452.173,3482.881,10853094100,sh000300,37800035232102.1
2023-12-04,3481.045,3488.133,3459.611,3460.138,9715682600,sh000300,33617602560198.8
2023-12-05,3450.09,3450.09,3393.814,3394.257,10047200700,sh000300,34102781306379.902
2023-12-06,3387.88,3420.277,3382.946,3399.598,10580551900,sh000300,35969623078136.2
2023-12-07,3394.306,3404.407,3369.768,3391.282,9771324800,sh000300,33137317910393.6
2023-12-08,3391.859,3409.385,3383.448,3399.462,12952205400,sh000300,44030530073494.8
2023-12-11,3378.052,3426.611,3346.89,3419.455,13962624900,sh000300,47744567527429.5
2023-12-12,3409.998,3427.546,3406.101,3426.803,10559001300,sh000300,36183617331843.9
2023-12-13,3418.641,3418.641,3369.605,3369.605,9528536700,sh000300,32107404907003.5
2023-12-14,3387.385,3399.139,3350.765,3351.964,8365513500,sh000300,28040900093514.0
2023-12-15,3365.939,3388.505,3339.519,3341.552,9778778300,sh000300,32676296185921.6
2023-12-18,3329.191,3352.346,3314.91,3329.366,9052682600,sh000300,30139693657231.6
2023-12-19,3325.66,3345.78,3313.187,3334.041,8380811800,sh000300,27941970154483.8
2023-12-20,3334.332,3338.543,3297.365,3297.502,9241286800,sh000300,30473161705573.598
2023-12-21,3285.605,3339.355,3283.988,3330.87,10254619800,sh000300,34156805453226.0
2023-12-22,3329.467,3359.06,3315.898,3337.228,10522013300,sh000300,35114357401132.402
2023-12-25,3330.333,3348.882,3330.333,3347.451,7454269300,sh000300,24952801222554.3
2023-12-26,3345.395,3345.417,3315.937,3324.79,7473293500,sh000300,24847131495865.0
2023-12-27,3326.927,3341.266,3309.673,3336.357,9440392800,sh000300,31496520601029.6
2023-12-28,3335.557,3423.402,3331.208,3414.54,14806485100,sh000300,50557335633354.0
2023-12-29,3411.109,3432.541,3409.58,3431.11,11492893200,sh000300,39433380787452.0
2024-01-02,3426.268,3426.268,3386.352,3386.352,11618072600,sh000300,39342883385155.195
2024-01-03,3379.75,3392.85,3362.662,3378.297,10561385100,sh000300,35679495599174.7
2024-01-04,3375.021,3375.021,3323.865,3347.052,10672101300,sh000300,35720078000367.6
2024-01-05,3341.306,3372.544,3313.554,3329.111,12640057400,sh000300,42080154130971.4
2024-01-08,3322.605,3333.516,3283.342,3286.056,11742948500,sh000300,38587986376116.0
2024-01-09,3286.708,3304.601,3273.843,3292.499,10933046500,sh000300,35997044668203.5
2024-01-10,3281.669,3312.916,3268.247,3277.129,9419936600,sh000300,30870347410021.4
2024-01-11,3275.309,3311.114,3266.791,3295.672,10878973500,sh000300,35853528352692.0
2024-01-12,3284.358,3310.47,3279.699,3284.167,9685355500,sh000300,31808324916368.5
2024-01-15,3270.103,3306.922,3261.269,3280.92,8885153000,sh000300,29151476180760.0
2024-01-16,3272.571,3300.876,3260.436,3300.876,11327666500,sh000300,37391222485854.0
2024-01-17,3291.139,3291.139,3229.082,3229.082,10876972800,sh000300,35122637082969.598
2024-01-18,3214.284,3279.254,3171.633,3274.729,17490916800,sh000300,57278012481547.195
2024-01-19,3261.239,3286.942,3251.814,3269.776,11850140800,sh000300,38747305984460.8
2024-01-22,3262.469,3281.421,3193.178,3218.902,14870562800,sh000300,47866884338045.6
2024-01-23,3208.432,3249.531,3188.126,3231.933,12201200000,sh000300,39433460919600.0
2024-01-24,3245.959,3281.489,3190.467,3277.109,15437195400,sh000300,50589371980098.6
2024-01-25,3274.339,3344.243,3269.794,3342.919,19683361400,sh000300,65799882807926.59
2024-01-26,3326.647,3351.969,3315.127,3333.821,18066400500,sh000300,60230145381310.5
2024-01-29,3335.394,3351.372,3303.96,3303.96,18416479500,sh000300,60847311608820.0
2024-01-30,3283.898,3300.204,3244.972,3245.039,14364935000,sh000300,46614774307465.0
2024-01-31,3231.543,3252.148,3201.926,3215.352,15314346900,sh000300,49241015933608.8
2024-02-01,3202.256,3251.758,3191.897,3217.711,14551679200,sh000300,46823098230311.195
2024-02-02,3219.873,3235.408,3108.352,3179.628,17375808900,sh000300,55248608501089.2
2024-02-05,3164.25,3233.849,3111.518,3200.422,20304297000,sh000300,64982318813334.0
2024-02-06,3185.25,3314.512,3182.822,3311.692,20271309900,sh000300,67132334825350.8
2024-02-07,3314.031,3343.63,3289.67,3343.63,21664793300,sh000300,72439052821679.0
2024-02-08,3351.405,3367.21,3336.978,3364.93,18997757800,sh000300,63926125153954.0
2024-02-19,3393.192,3403.808,3364.142,3403.808,18331980000,sh000300,62398540179840.0
2024-02-20,3395.192,3415.894,3380.103,3410.854,14073458100,sh000300,48002510854217.4
2024-02-21,3390.362,3500.134,3383.691,3456.871,18887936200,sh000300,65293158899630.2
2024-02-22,3450.352,3486.683,3448.414,3486.675,14102078400,sh000300,49169364205320.0
2024-02-23,3491.337,3507.559,3472.968,3489.742,14482127300,sh000300,50538887888156.6
2024-02-26,3485.543,3492.606,3445.389,3453.359,15124833100,sh000300,52231478509382.9
2024-02-27,3440.052,3494.787,3437.442,3494.787,13952824600,sh000300,48762150025360.195
2024-02-28,3499.826,3521.657,3450.26,3450.26,18983754800,sh000300,65498889836248.01
2024-02-29,3437.898,3516.083,3437.898,3516.083,15594453200,sh000300,54831391790815.6
2024-03-01,3515.059,3544.36,3503.459,3537.804,16270957000,sh000300,57563456758428.0
2024-03-04,3538.366,3548.69,3519.76,3540.869,16324461300,sh000300,57802778958869.7
2024-03-05,3524.964,3570.694,3519.082,3565.514,16642238900,sh000300,59338135789294.6
2024-03-06,3556.532,3577.388,3545.101,3551.048,14307661300,sh000300,50807192044042.4
2024-03-07,3548.101,3569.919,3522.896,3529.72,14811051000,sh000300,52278862935720.0
2024-03-08,3529.551,3548.506,3511.577,3544.91,12579266400,sh000300,44592367254024.0
2024-03-11,3545.943,3589.264,3542.279,3589.264,14820282500,sh000300,53193906447080.0
2024-03-12,3592.583,3605.698,3574.212,3597.494,18068556000,sh000300,65001521798664.0
2024-03-13,3594.421,3594.421,3563.369,3572.361,14459059000,sh000300,51652978468299.0
2024-03-14,3571.789,3597.46,3545.612,3562.223,14096272200,sh000300,50214065045100.6
2024-03-15,3554.907,3572.809,3533.68,3569.993,13831604400,sh000300,49378730886769.195
2024-03-18,3577.056,3604.052,3573.404,3603.528,16037943800,sh000300,57793179545726.4
2024-03-19,3593.34,3610.739,3577.188,3577.63,14557178600,sh000300,52080198874718.0
2024-03-20,3568.716,3589.546,3568.434,3585.384,12952896600,sh000300,46441108223294.4
2024-03-21,3593.07,3601.115,3575.033,3581.09,13074337700,sh000300,46820379994093.0
2024-03-22,3571.274,3575.717,3522.84,3545.002,13922735800,sh000300,49356126256471.6
2024-03-25,3536.714,3564.96,3525.763,3525.763,13701572400,sh000300,48308497009741.195
2024-03-26,3526.682,3547.646,3518.602,3543.747,12620953500,sh000300,44725466102764.5
2024-03-27,3538.724,3542.962,3502.787,3502.787,12862676300,sh000300,45055215328848.09
2024-03-28,3498.482,3551.214,3489.386,3520.965,14333471700,sh000300,50467652184190.5
2024-03-29,3516.883,3538.238,3516.883,3537.484,12864329000,sh000300,45507358008236.0
2024-04-01,3551.582,3600.919,3551.582,3595.647,16277656100,sh000300,58528705322996.695
2024-04-02,3593.221,3596.19,3568.754,3580.676,14127297200,sh000300,50585274028907.195
2024-04-03,3578.684,3582.432,3558.874,3567.803,13559233100,sh000300,48376672531879.3
2024-04-08,3553.555,3567.82,3535.769,3536.408,15530428300,sh000300,54921930883546.4
2024-04-09,3533.385,3543.714,3518.86,3533.487,12967094200,sh000300,45819058783475.4
2024-04-10,3528.968,3531.23,3490.053,3504.709,12879027400,sh000300,45137243240026.6
2024-04-11,3485.029,3520.589,3484.925,3504.245,12653439500,sh000300,44340752100677.5
2024-04-12,3505.75,3516.699,3470.061,3475.839,12892111600,sh000300,44810904291632.4
2024-04-15,3473.505,3552.413,3473.505,3549.076,18394125000,sh000300,65282147578500.0
2024-04-16,3533.364,3545.503,3503.616,3511.115,17615306500,sh000300,61849366881747.5
2024-04-17,3509.132,3565.939,3498.032,3565.403,16846639800,sh000300,60065060082839.4
2024-04-18,3550.556,3602.79,3547.6,3569.802,17857410500,sh000300,63747419717721.0
2024-04-19,3550.609,3560.949,3529.324,3541.662,14728150500,sh000300,52162130956131.0
2024-04-22,3536.184,3558.164,3528.019,3530.905,15057904200,sh000300,53168029229301.0
2024-04-23,3525.668,3533.758,3499.984,3506.225,14311350400,sh000300,50178814556240.0
2024-04-24,3514.011,3524.537,3495.649,3521.622,12173985100,sh000300,42872173755832.195
2024-04-25,3510.64,3543.97,3505.2,3530.281,11518772200,sh000300,40664502640988.2
2024-04-26,3531.965,3588.4,3531.965,3584.269,19721613300,sh000300,70687567181177.7
2024-04-29,3584.543,3645.823,3578.76,3623.912,22272138100,sh000300,80712268526247.2
2024-04-30,3619.259,3630.709,3604.394,3604.394,19129689900,sh000300,68950939497420.59
2024-05-06,3654.049,3668.257,3645.738,3657.877,20801800700,sh000300,76090428339113.9
2024-05-07,3657.001,3665.684,3648.376,3659.008,16483428600,sh000300,60312997114828.8
2024-05-08,3650.748,3650.936,3628.698,3630.223,13003533600,sh000300,47205726755992.8
2024-05-09,3630.414,3669.759,3630.414,3664.561,14655901700,sh000300,53707445789653.7
2024-05-10,3669.087,3674.609,3641.764,3666.277,15072053600,sh000300,55258323456447.2
2024-05-13,3646.349,3673.621,3634.605,3664.691,15726745500,sh000300,57633662693140.5
2024-05-14,3668.225,3675.776,3646.709,3657.045,13340649000,sh000300,48787353722205.0
2024-05-15,3651.054,3656.528,3624.002,3626.056,12352276400,sh000300,44790045953878.4
2024-05-16,3636.601,3657.483,3626.334,3640.359,15463050300,sh000300,56291054327057.695
2024-05-17,3638.561,3677.97,3627.447,3677.97,16457041700,sh000300,60528505661349.0
2024-05-20,3682.062,3703.029,3677.443,3690.962,18460942300,sh000300,68138636513492.6
2024-05-21,3682.287,3684.611,3665.152,3676.161,13067828300,sh000300,48039440751156.3
2024-05-22,3675.647,3691.88,3667.089,3684.451,15191460500,sh000300,55972191830685.5
2024-05-23,3672.84,3674.365,3633.505,3641.792,14257299000,sh000300,51922117439808.0
2024-05-24,3630.827,3650.873,3599.668,3601.475,12479117700,sh000300,44943230418607.5
2024-05-27,3606.645,3638.151,3603.713,3635.708,13127264400,sh000300,47726900197195.2
2024-05-28,3633.254,3638.97,3605.921,3609.172,12353223800,sh000300,44584909448693.6
2024-05-29,3609.071,3633.197,3602.82,3613.522,11590632100,sh000300,41883004087256.2
2024-05-30,3607.052,3624.035,3586.754,3594.312,12260299500,sh000300,44067341616444.0
2024-05-31,3599.82,3614.644,3579.925,3579.925,11246201900,sh000300,40260559336857.5
2024-06-03,3577.38,3600.604,3567.871,3588.748,14105459100,sh000300,50620938134206.8
2024-06-04,3583.81,3622.501,3580.277,3615.671,12454509600,sh000300,45031409179941.6
2024-06-05,3610.36,3623.323,3594.106,3594.794,11090676600,sh000300,39868697697620.4
2024-06-06,3602.155,3625.011,3584.171,3592.245,13789351700,sh000300,49534729697566.5
2024-06-07,3594.634,3603.07,3552.085,3574.114,13110302600,sh000300,46857716066896.4
2024-06-11,3555.819,3565.311,3525.895,3542.877,13452230600,sh000300,47659598391436.2
2024-06-12,3539.095,3551.171,3531.566,3544.123,12281372900,sh000300,43526696166466.7
2024-06-13,3548.216,3551.077,3520.18,3526.131,12324546200,sh000300,43457964416752.195
2024-06-14,3514.8,3547.147,3503.523,3541.533,17151694200,sh000300,60743291015208.6
2024-06-17,3521.437,3540.793,3520.738,3536.199,13743343800,sh000300,48599198602216.2
2024-06-18,3533.488,3551.709,3532.785,3545.59,12367183800,sh000300,43848963209442.0
2024-06-19,3543.36,3543.36,3524.845,3528.749,10664279700,sh000300,37631566327095.3
2024-06-20,3525.169,3533.987,3500.131,3503.282,11161739600,sh000300,39102721429367.2
2024-06-21,3496.343,3505.512,3473.828,3495.62,10918661500,sh000300,38167491512630.0
2024-06-24,3473.639,3505.775,3471.216,3476.81,11799018400,sh000300,41022945163304.0
2024-06-25,3475.165,3483.219,3440.646,3457.902,11844811800,sh000300,40958198412843.6
2024-06-26,3451.539,3487.396,3442.298,3480.265,10589886100,sh000300,36855609947816.5
2024-06-27,3467.289,3471.142,3452.578,3454.118,11491810100,sh000300,39694068118991.8
2024-06-28,3443.674,3484.678,3443.674,3461.657,13540915300,sh000300,46874004234652.1
2024-07-01,3458.264,3479.955,3443.809,3478.183,12182977000,sh000300,42374623490791.0
2024-07-02,3472.453,3488.319,3464.524,3471.786,12165012100,sh000300,42234318698610.6
2024-07-03,3471.556,3478.705,3454.994,3463.414,10385710800,sh000300,35970016184671.2
2024-07-04,3468.296,3483.31,3444.928,3445.813,10442990900,sh000300,35984593802101.7
2024-07-05,3443.359,3451.039,3399.669,3431.061,11660965900,sh000300,40009485321819.9
2024-07-08,3420.803,3428.042,3395.912,3401.76,11552821800,sh000300,39299927086368.0
2024-07-09,3396.804,3448.928,3384.809,3439.811,13162944300,sh000300,45278040595527.305
2024-07-10,3425.882,3447.505,3423.648,3428.966,12720345600,sh000300,43617632570649.6
2024-07-11,3451.044,3473.984,3438.118,3468.169,14589246600,sh000300,50597972791475.4
2024-07-12,3459.956,3479.096,3457.363,3472.401,13087458900,sh000300,45444905371818.9
2024-07-15,3462.611,3481.461,3460.792,3476.247,11851708300,sh000300,41199465422750.1
2024-07-16,3466.852,3500.294,3464.366,3498.283,12065901700,sh000300,42209938796781.1
2024-07-17,3494.209,3514.475,3486.223,3501.584,13180206200,sh000300,46151599146620.8
2024-07-18,3483.298,3522.8,3475.724,3520.931,12376819900,sh000300,43577928867326.9
2024-07-19,3500.805,3545.338,3493.073,3539.016,13244797500,sh000300,46873550269260.0
2024-07-22,3538.401,3540.187,3494.014,3514.925,13212633700,sh000300,46441416507972.5
2024-07-23,3509.789,3509.789,3439.878,3439.878,12889766000,sh000300,44339222488548.0
2024-07-24,3432.346,3451.42,3408.413,3418.166,12703626300,sh000300,43423103495365.805
2024-07-25,3404.611,3415.856,3383.799,3399.272,13102224200,sh000300,44538023860782.4
2024-07-26,3403.708,3420.82,3388.66,3409.293,12419555800,sh000300,42341904652049.4
2024-07-29,3404.366,3408.502,3388.844,3390.742,10978778600,sh000300,37226205707721.2
2024-07-30,3380.689,3380.689,3352.804,3369.382,10495216400,sh000300,35362393224264.8
2024-07-31,3364.027,3445.004,3364.027,3442.084,17195917700,sh000300,59189793180486.8
2024-08-01,3443.14,3448.336,3419.187,3419.267,13632346400,sh000300,46612632178088.8
2024-08-02,3393.917,3419.102,3380.965,3384.392,11661525500,sh000300,39467173609996.0
2024-08-05,3362.112,3409.031,3343.321,3343.321,14281251600,sh000300,47746808380563.6
2024-08-06,3367.352,3376.796,3318.625,3342.979,11934027900,sh000300,39895204655114.1
2024-08-07,3338.591,3362.384,3329.966,3341.489,9508437700,sh000300,31772339981735.3
2024-08-08,3332.428,3364.786,3320.843,3342.937,9249569500,sh000300,30920728115621.5
2024-08-09,3358.128,3366.669,3331.627,3331.627,9151162600,sh000300,30488260399550.2
2024-08-12,3327.556,3338.077,3319.891,3325.865,7993875400,sh000300,26586550407221.0
2024-08-13,3328.014,3335.014,3310.191,3334.39,8448967900,sh000300,28172154076081.0
2024-08-14,3332.787,3332.787,3309.1,3309.239,7874240700,sh000300,26057744419827.3
2024-08-15,3301.446,3356.764,3297.971,3341.953,10476639900,sh000300,35012438143724.7
2024-08-16,3342.035,3356.907,3335.624,3345.634,9651908300,sh000300,32291752573362.2
2024-08-19,3344.261,3375.962,3343.712,3356.968,10557111000,sh000300,35439883799448.0
2024-08-20,3361.639,3362.334,3321.64,3332.703,10166833100,sh000300,33883035172869.3
2024-08-21,3322.913,3339.443,3307.992,3321.635,8995475100,sh000300,29879684933788.504
2024-08-22,3322.872,3327.696,3305.245,3313.136,10036650400,sh000300,33252787759654.4
2024-08-23,3305.931,3336.241,3305.64,3327.191,8952577400,sh000300,29786934952083.4
2024-08-26,3330.718,3336.527,3311.57,3324.223,9399077200,sh000300,31244628607015.598
2024-08-27,3315.686,3320.567,3299.564,3305.334,9580815700,sh000300,31667795880943.797
2024-08-28,3298.909,3305.35,3274.588,3286.496,9269665000,sh000300,30464716943840.0
2024-08-29,3273.541,3290.786,3269.529,3277.681,13070233300,sh000300,42840055352977.3
2024-08-30,3273.753,3351.625,3273.65,3321.432,18869544300,sh000300,62673908263437.59
2024-09-02,3307.543,3307.763,3264.757,3265.011,14761235300,sh000300,48195595628088.3
2024-09-03,3261.741,3281.594,3261.188,3273.428,12289730600,sh000300,40229548258496.8
2024-09-04,3253.898,3272.986,3249.981,3252.165,10483248200,sh000300,34093252882353.0
2024-09-05,3252.96,3266.882,3247.173,3257.758,9710945000,sh000300,31635908761310.0
2024-09-06,3261.154,3274.814,3231.069,3231.346,8840041700,sh000300,28565233387128.2
2024-09-09,3214.8,3222.928,3180.928,3192.952,10867306900,sh000300,34698789300968.8
2024-09-10,3193.456,3205.097,3171.793,3195.755,9729007800,sh000300,31091525321889.0
2024-09-11,3187.051,3197.336,3174.034,3186.13,10248211000,sh000300,32652132513430.0
2024-09-12,3189.427,3201.554,3171.878,3172.475,9286865700,sh000300,29462349261607.5
2024-09-13,3174.034,3188.915,3159.247,3159.247,8833667700,sh000300,27907738180221.9
2024-09-18,3158.818,3179.901,3145.791,3171.01,8472281400,sh000300,26865689042214.0
2024-09-19,3178.396,3213.838,3149.793,3196.036,12543927200,sh000300,40090842912579.2
2024-09-20,3192.432,3207.988,3173.224,3201.05,11806409800,sh000300,37792908090290.0
2024-09-23,3200.868,3230.161,3198.025,3212.764,9534485500,sh000300,30632051772922.0
2024-09-24,3244.647,3351.968,3222.489,3351.909,20407221700,sh000300,68403150081225.305
2024-09-25,3403.702,3465.488,3393.438,3401.533,24156425500,sh000300,82168878500291.5
2024-09-26,3399.319,3545.325,3391.677,3545.32,24313401000,sh000300,86198786833320.0
2024-09-27,3617.92,3708.495,3596.583,3703.685,26548777400,sh000300,98328308624719.0
2024-09-30,3846.652,4038.697,3796.505,4017.855,51021770700,sh000300,204998076515848.5
2024-10-08,4450.368,4450.368,4094.352,4256.096,58986789400,sh000300,251053438418182.38
2024-10-09,4168.844,4197.6,3942.512,3955.984,48226929500,sh000300,190784961471128.0
2024-10-10,3979.612,4098.497,3912.771,3997.788,39505309900,sh000300,157933853854501.2
2024-10-11,3969.758,3978.239,3847.123,3887.167,27409650500,sh000300,106545888905133.5
2024-10-14,3915.219,3979.543,3868.779,3961.342,30757899300,sh000300,121842558328860.61
2024-10-15,3942.534,3967.871,3855.995,3855.995,24248644800,sh000300,93502653105576.0
2024-10-16,3806.137,3877.748,3805.087,3831.589,21886640700,sh000300,83860611753072.3
2024-10-17,3853.841,3882.073,3787.75,3788.222,21231382000,sh000300,80429188382804.0
2024-10-18,3780.314,3998.214,3765.162,3925.234,31295883400,sh000300,122843665581715.6
2024-10-21,3946.902,3979.264,3896.165,3935.197,29118563400,sh000300,114587283335989.8
2024-10-22,3923.744,3965.908,3917.522,3957.776,22343339600,sh000300,88429933228729.6
2024-10-23,3955.319,4012.18,3939.099,3973.209,24587394900,sh000300,97690858703234.1
2024-10-24,3950.899,3957.983,3914.089,3928.833,17472406200,sh000300,68646166067964.6
2024-10-25,3931.321,3992.892,3921.94,3956.421,21069488500,sh000300,83359766760658.5
2024-10-28,3953.106,3964.157,3917.204,3964.157,21616041500,sh000300,85689382224515.5
2024-10-29,3970.008,3991.309,3921.58,3924.649,21729398400,sh000300,85280261701161.6
2024-10-30,3904.16,3926.058,3864.305,3889.449,21943662600,sh000300,85348756555907.4
2024-10-31,3888.423,3923.9,3859.108,3891.04,30063671800,sh000300,116978949520672.0
2024-11-01,3882.458,3933.22,3879.959,3890.02,30798648100,sh000300,119807357081962.0
2024-11-04,3897.714,3944.762,3891.211,3944.762,22923906000,sh000300,90429353280372.0
2024-11-05,3937.623,4046.698,3925.414,4044.573,31686279400,sh000300,128157470131696.2
2024-11-06,4051.289,4091.703,4002.503,4024.283,33580793800,sh000300,135138617615845.39
2024-11-07,3987.267,4146.151,3984.665,4145.695,34143641400,sh000300,141549123433773.0
2024-11-08,4192.079,4200.908,4094.163,4104.047,33235038500,sh000300,136398160050809.48
2024-11-11,4066.934,4132.511,4048.039,4131.131,28959422700,sh000300,119635168858073.7
2024-11-12,4133.353,4181.71,4060.794,4085.743,29777808600,sh000300,121664473042789.8
2024-11-13,4059.59,4121.074,4059.59,4110.89,24048409900,sh000300,98860367773811.02
2024-11-14,4101.223,4118.169,4034.944,4039.619,23015278400,sh000300,92972955914929.61
2024-11-15,4025.648,4049.071,3968.831,3968.831,24739946300,sh000300,98188665813775.3
2024-11-18,3982.104,4034.06,3931.187,3950.381,30677794600,sh000300,121188976909742.6
2024-11-19,3954.604,3979.151,3896.749,3976.891,24294646500,sh000300,96617161014031.5
2024-11-20,3966.124,4001.085,3958.338,3985.773,18459937200,sh000300,73577119273455.61
2024-11-21,3979.455,3999.569,3966.066,3989.298,16612592700,sh000300,66272582832924.59
2024-11-22,3984.244,3990.265,3865.699,3865.699,21628580900,sh000300,83609583556549.1
2024-11-25,3875.613,3889.707,3812.318,3848.091,19070295300,sh000300,73384231711272.3
2024-11-26,3836.259,3875.229,3833.284,3840.185,14989244100,sh000300,57561470354158.5
2024-11-27,3829.344,3907.164,3817.913,3907.045,17413609600,sh000300,68035756319632.0
2024-11-28,3904.253,3908.392,3866.014,3872.551,15011729100,sh000300,58133686537934.1
2024-11-29,3869.89,3962.7,3869.89,3916.583,18765671300,sh000300,73497309197167.9
2024-12-02,3909.703,3955.125,3902.17,3947.632,19728978400,sh000300,77882746459148.8
2024-12-03,3946.703,3963.947,3922.843,3951.891,18249686700,sh000300,72120772622549.7
2024-12-04,3948.13,3957.365,3917.747,3930.557,17462631800,sh000300,68637869659912.59
2024-12-05,3916.564,3936.336,3910.083,3921.588,13853403800,sh000300,54327342101234.41
2024-12-06,3923.895,3995.117,3923.895,3973.141,19205790700,sh000300,76307314467588.7
2024-12-09,3970.663,3995.512,3948.421,3966.571,17595995800,sh000300,69795766656401.8
2024-12-10,4094.05,4098.38,3988.968,3995.637,25346379500,sh000300,101274931746241.5
2024-12-11,3988.018,4005.325,3977.352,3988.831,17725284600,sh000300,70703164696302.61
2024-12-12,3987.153,4031.744,3981.349,4028.505,18162177700,sh000300,73166423675338.5
2024-12-13,4000.985,4000.985,3931.739,3933.181,23035307900,sh000300,90602035361429.9
2024-12-16,3930.781,3938.76,3901.647,3911.842,17851125100,sh000300,69830780913434.2
2024-12-17,3908.126,3955.945,3908.126,3922.033,16093909000,sh000300,63120842196997.0
2024-12-18,3934.543,3956.144,3933.969,3941.89,15773832100,sh000300,62178711016669.0
2024-12-19,3911.89,3954.349,3899.748,3945.464,16108104000,sh000300,63553944440256.0
2024-12-20,3937.472,3958.634,3923.256,3927.744,15498649600,sh000300,60874727974502.4
2024-12-23,3928.149,3965.85,3928.149,3933.572,19006736200,sh000300,74764365327706.4
2024-12-24,3934.942,3985.859,3934.734,3983.688,16149458900,sh000300,64334405626423.2
2024-12-25,3987.956,4007.763,3969.477,3985.629,15939074700,sh000300,63527238357486.3
2024-12-26,3981.732,3991.533,3965.546,3987.48,14342528600,sh000300,57190545941928.0
2024-12-27,3987.019,4007.131,3970.937,3981.031,16926866600,sh000300,67386380667464.6
2024-12-30,3976.7,4005.778,3976.7,3999.055,16461248500,sh000300,65829438120167.5
2024-12-31,3995.871,4004.346,3934.911,3934.911,18392839700,sh000300,72374187256766.7
2025-01-02,3931.816,3934.203,3796.339,3820.395,21789872400,sh000300,83245919567598.0
2025-01-03,3825.243,3835.935,3767.665,3775.165,17534267600,sh000300,66194753344154.0
2025-01-06,3775.99,3788.849,3743.073,3768.97,15094667000,sh000300,56891347082990.0
2025-01-07,3760.866,3797.602,3749.058,3796.106,14645577900,sh000300,55596166139657.41
2025-01-08,3781.261,3810.736,3731.189,3789.215,16916696800,sh000300,64101001265012.0
2025-01-09,3780.734,3795.261,3768.681,3779.877,12979400200,sh000300,49060536289775.4
2025-01-10,3778.893,3786.807,3732.481,3732.481,13752317100,sh000300,51330262281725.1
2025-01-13,3704.444,3737.885,3704.107,3722.513,13644619900,sh000300,50792274957808.695
2025-01-14,3728.556,3826.64,3718.877,3820.54,17066465700,sh000300,65203114865478.0
2025-01-15,3810.035,3816.828,3790.166,3796.026,14147552000,sh000300,53704475228352.0
2025-01-16,3812.194,3842.947,3776.286,3800.384,14450587100,sh000300,54917780005446.4
2025-01-17,3788.373,3831.64,3780.213,3812.343,12662196100,sh000300,48272634666462.3
2025-01-20,3835.304,3858.668,3821.982,3829.676,13958127700,sh000300,53455106657625.195
2025-01-21,3850.356,3850.911,3817.121,3832.615,14121840600,sh000300,54123578111169.0
2025-01-22,3823.945,3823.945,3783.144,3797.017,13725506200,sh000300,52115980375005.4
2025-01-23,3829.046,3864.259,3801.853,3803.744,18056955100,sh000300,68684034619894.41
2025-01-24,3793.85,3847.6,3793.484,3832.864,14897172200,sh000300,57098835027180.8
2025-01-27,3836.958,3851.997,3817.08,3817.08,14667077200,sh000300,55985407038576.0
2025-02-05,3844.7,3844.7,3785.162,3795.085,15716830800,sh000300,59646708816618.0
2025-02-06,3789.609,3843.494,3788.32,3842.831,16728817600,sh000300,64286018866625.6
2025-02-07,3844.057,3919.35,3833.869,3892.703,22185770700,sh000300,86362616161202.1
2025-02-10,3898.102,3906.368,3878.831,3901.062,18890304000,sh000300,73692247102848.0
2025-02-11,3905.159,3905.159,3872.909,3883.135,16657490900,sh000300,64683285925971.5
2025-02-12,3875.96,3920.723,3867.354,3919.862,16422854000,sh000300,64375321326148.0
2025-02-13,3913.904,3939.198,3904.985,3905.14,17248587400,sh000300,67358148599236.0
2025-02-14,3900.827,3942.036,3900.827,3939.009,17297645200,sh000300,68135580121606.8
2025-02-17,3954.415,3955.896,3921.702,3947.398,21358824600,sh000300,84311781508390.8
2025-02-18,3942.576,3965.423,3901.868,3912.783,20942510100,sh000300,81943497496608.3
2025-02-19,3906.22,3943.674,3904.146,3940.16,18282951700,sh000300,72037754970272.0
2025-02-20,3934.65,3940.678,3916.177,3928.896,16389523600,sh000300,64392733713945.6
2025-02-21,3938.052,3981.048,3927.787,3978.444,22740033000,sh000300,90469947848652.0
2025-02-24,3972.483,3995.946,3949.231,3969.717,22081061800,sh000300,87655566405510.61
2025-02-25,3933.636,3955.434,3915.653,3925.651,17810858000,sh000300,69919212518558.0
2025-02-26,3931.842,3960.33,3925.366,3959.941,19106250100,sh000300,75659623127244.1
2025-02-27,3961.064,3973.932,3933.461,3968.116,20288796300,sh000300,80508297218770.8
2025-02-28,3950.187,3972.481,3886.399,3890.049,19810414700,sh000300,77063483893320.3
2025-03-03,3899.696,3930.005,3872.587,3888.474,17762316600,sh000300,69068306278868.41
2025-03-04,3865.994,3890.424,3855.725,3885.221,14985096700,sh000300,58220412385870.7
2025-03-05,3887.799,3906.421,3877.019,3902.571,15865275100,sh000300,61915362512282.1
2025-03-06,3923.383,3964.494,3917.083,3956.237,19396091500,sh000300,76735534847685.5
2025-03-07,3944.915,3967.074,3935.046,3944.014,16673237500,sh000300,65759482125325.0
2025-03-10,3945.58,3949.145,3905.127,3928.802,15276523200,sh000300,60018434901206.4
2025-03-11,3890.431,3941.416,3889.43,3941.416,14475440200,sh000300,57053731611323.2
2025-03-12,3946.862,3953.613,3921.474,3927.232,15673219000,sh000300,61552367199808.0
2025-03-13,3925.744,3939.285,3897.376,3911.579,15653644300,sh000300,61230466317349.7
2025-03-14,3919.616,4014.159,3919.616,4006.557,21613900300,sh000300,86597323544267.1
2025-03-17,4020.64,4021.728,3992.256,3996.788,16220291100,sh000300,64829064824986.8
2025-03-18,4011.779,4016.873,3995.96,4007.723,14020849600,sh000300,56191681421460.8
2025-03-19,4004.825,4025.299,3989.512,4010.168,14441942800,sh000300,57914616874390.4
2025-03-20,4011.059,4012.042,3969.926,3974.992,13375467000,sh000300,53167374321264.0
2025-03-21,3966.515,3983.148,3904.767,3914.696,16590529400,sh000300,64946879080062.4
2025-03-24,3916.114,3938.183,3907.2,3934.849,15223467400,sh000300,59902045475422.6
2025-03-25,3937.898,3946.357,3921.529,3932.295,14047539900,sh000300,55239070911070.5
2025-03-26,3930.207,3942.026,3916.861,3919.357,13116418700,sh000300,51407927446775.9
2025-03-27,3911.384,3952.985,3903.652,3932.412,12679373800,sh000300,49860521683605.59
2025-03-28,3930.776,3934.234,3907.384,3915.166,12635621400,sh000300,49470555294152.4
2025-03-31,3905.982,3928.448,3872.403,3887.306,16679852300,sh000300,64839689924903.8
2025-04-01,3892.779,3905.262,3882.405,3887.684,14038027400,sh000300,54575414514541.6
2025-04-02,3884.418,3900.495,3877.16,3884.386,11304317500,sh000300,43910332636555.0
2025-04-03,3843.418,3883.703,3843.418,3861.503,14259978900,sh000300,55064951302286.7
2025-04-07,3675.202,3707.777,3514.117,3589.441,31257858600,sh000300,112198239231042.6
2025-04-08,3597.986,3650.759,3583.875,3650.759,28019731200,sh000300,102293285855980.8
2025-04-09,3606.104,3686.794,3587.337,3686.794,26230570800,sh000300,96706711042015.2
2025-04-10,3749.126,3756.139,3708.819,3735.115,22725222700,sh000300,84881320185110.5
2025-04-11,3730.315,3762.365,3708.462,3750.517,16875969100,sh000300,63293609001024.695
2025-04-14,3772.041,3776.634,3754.033,3759.142,16446240300,sh000300,61823752653822.59
2025-04-15,3756.479,3764.486,3737.85,3761.235,13400604000,sh000300,50402820785940.0
2025-04-16,3757.876,3775.166,3721.603,3772.82,15635900600,sh000300,58991438501692.0
2025-04-17,3755.086,3779.125,3749.504,3772.222,12237100200,sh000300,46161058590644.41
2025-04-18,3760.043,3782.044,3754.407,3772.523,10294850900,sh000300,38837561801820.7
2025-04-21,3768.142,3790.178,3763.138,3784.881,12135573000,sh000300,45931699671813.0
2025-04-22,3780.112,3799.23,3778.079,3783.952,12568825700,sh000300,47559833145166.41
2025-04-23,3803.43,3807.954,3780.518,3786.882,13198687000,sh000300,49981870223934.0
2025-04-24,3787.459,3807.26,3775.207,3784.357,11716456000,sh000300,44339252278792.0
2025-04-25,3792.084,3801.577,3780.777,3786.994,12459113300,sh000300,47182587312420.2
2025-04-28,3786.387,3792.008,3772.803,3781.619,12514509100,sh000300,47325105388232.9
2025-04-29,3776.003,3785.316,3768.031,3775.077,11151469400,sh000300,42097655648143.805
2025-04-30,3775.831,3787.564,3768.757,3770.571,14368165800,sh000300,54176189288671.8
2025-05-06,3794.376,3809.094,3782.777,3808.542,15852045900,sh000300,60373182596077.8
2025-05-07,3861.577,3863.678,3814.987,3831.627,16117229900,sh000300,61755213250047.3
2025-05-08,3820.548,3867.331,3816.264,3852.896,12495983300,sh000300,48145724072636.805
2025-05-09,3848.619,3853.663,3836.535,3846.157,11938952600,sh000300,45919086115158.2
2025-05-12,3866.531,3890.734,3859.035,3890.61,15333246000,sh000300,59655680220060.0
2025-05-13,3915.592,3915.592,3890.686,3896.258,14732029900,sh000300,57399789354114.195
2025-05-14,3894.839,3960.523,3890.65,3943.211,17203377900,sh000300,67836548972436.9
2025-05-15,3934.027,3936.465,3904.907,3907.199,13808174900,sh000300,53951287161105.1
2025-05-16,3898.666,3903.853,3874.862,3889.085,11840534500,sh000300,46048845115932.5
2025-05-19,3882.568,3885.589,3866.57,3877.145,9864341400,sh000300,38245481937303.0
2025-05-20,3883.102,3911.474,3881.744,3898.171,10488523400,sh000300,40886057750701.4
2025-05-21,3899.437,3928.634,3899.437,3916.381,10979134300,sh000300,42998472968968.3
2025-05-22,3912.601,3923.02,3903.09,3913.865,10759705200,sh000300,42112033592598.0
2025-05-23,3910.374,3931.551,3882.274,3882.274,12027741900,sh000300,46694989657080.6
2025-05-26,3875.789,3884.537,3849.038,3860.107,10960120700,sh000300,42307238634914.9
2025-05-27,3857.627,3865.429,3834.846,3839.397,9857242500,sh000300,37845867282772.5
2025-05-28,3843.075,3849.736,3833.958,3836.237,8903102600,sh000300,34154411608916.2
2025-05-29,3838.009,3869.791,3831.458,3858.7,10847188600,sh000300,41856046650820.0
2025-05-30,3850.493,3858.613,3829.254,3840.232,11167222800,sh000300,42884726347689.6
2025-06-03,3833.458,3863.295,3832.72,3852.013,13140309000,sh000300,50616641092017.0
2025-06-04,3855.488,3875.857,3855.488,3868.743,11680387300,sh000300,45188416604163.9
2025-06-05,3872.637,3883.135,3861.272,3877.556,12287818400,sh000300,47646703963830.4
2025-06-06,3878.103,3889.456,3869.387,3873.984,11098797100,sh000300,42996562384646.4
2025-06-09,3877.798,3894.652,3871.992,3885.246,13630629300,sh000300,52958347965307.805
2025-06-10,3887.551,3897.457,3850.466,3865.465,14556385900,sh000300,56267200222943.5
2025-06-11,3870.672,3911.611,3870.672,3894.625,14241477200,sh000300,55465213140050.0
2025-06-12,3885.52,3900.041,3870.384,3892.199,13399869700,sh000300,52154959446470.305
2025-06-13,3881.492,3889.16,3853.819,3864.182,17253953600,sh000300,66672416929955.195
2025-06-16,3853.619,3876.17,3853.619,3873.795,13734183500,sh000300,53203411371382.5
2025-06-17,3875.177,3880.416,3860.409,3870.379,12234252600,sh000300,47351194343735.4
2025-06-18,3871.65,3881.346,3854.658,3874.971,12752862100,sh000300,49416970804499.1
2025-06-19,3870.049,3872.943,3834.951,3843.091,13028065800,sh000300,50068042423387.8
2025-06-20,3839.783,3856.48,3839.783,3846.644,11815102000,sh000300,45448491217688.0
2025-06-23,3831.17,3867.59,3827.083,3857.902,13380089200,sh000300,51619072884858.4
2025-06-24,3862.388,3914.158,3862.388,3904.034,16365618800,sh000300,63891932226239.2
2025-06-25,3907.068,3963.037,3902.177,3960.066,18721367100,sh000300,74137849326228.6
2025-06-26,3953.16,3964.482,3945.259,3946.02,16531626300,sh000300,65234128012326.0
2025-06-27,3949.788,3969.263,3918.204,3921.758,19455791300,sh000300,76300905177105.39
2025-06-30,3920.315,3940.361,3911.604,3936.079,14517023600,sh000300,57140151734464.41
2025-07-01,3935.908,3946.245,3924.722,3942.762,12895936200,sh000300,50845607203784.4
2025-07-02,3943.323,3952.138,3929.696,3943.685,14706306200,sh000300,57997039166347.0
2025-07-03,3949.4,3971.616,3945.138,3968.068,14100400600,sh000300,55951348408040.805
2025-07-04,3967.464,4013.848,3958.376,3982.203,15719713300,sh000300,62599089462399.9
2025-07-07,3977.288,3979.748,3956.566,3965.175,13113527300,sh000300,51997430611777.5
2025-07-08,3965.426,4002.269,3965.426,3998.453,15640289500,sh000300,62536962472143.5
2025-07-09,3997.504,4016.743,3987.427,3991.401,17329379600,sh000300,69168503064819.59
2025-07-10,3993.42,4032.983,3992.524,4010.024,20977890400,sh000300,84121843973369.6
2025-07-11,4011.465,4065.942,4010.105,4014.807,26205277300,sh000300,105209130740981.1
2025-07-14,4021.214,4034.92,4017.668,4017.668,20791717500,sh000300,83534218064790.0
2025-07-15,4023.99,4042.657,3994.263,4019.064,19104293100,sh000300,76781376643658.39
2025-07-16,4019.393,4027.857,3993.921,4007.202,15102730800,sh000300,60519693067221.6
2025-07-17,4005.067,4034.594,4005.067,4034.491,16124904100,sh000300,65055780467313.1
2025-07-18,4039.871,4064.638,4039.318,4058.549,18621106300,sh000300,75574672352758.7
2025-07-21,4069.769,4086.117,4063.443,4085.607,22326847600,sh000300,91218724842493.2
2025-07-22,4087.335,4119.202,4068.338,4118.958,25759698500,sh000300,106103116214162.98
2025-07-23,4129.148,4155.678,4113.909,4119.769,30050615400,sh000300,123801593755842.61
2025-07-24,4116.831,4152.427,4111.885,4149.037,31963239200,sh000300,132616662080650.4
2025-07-25,4145.32,4150.499,4117.801,4127.163,27359496300,sh000300,112917100827996.89
2025-07-28,4128.199,4146.12,4112.968,4135.824,22275981500,sh000300,92129538911255.98
2025-07-29,4132.683,4153.331,4117.577,4152.025,23080788000,sh000300,95832008795699.98
2025-07-30,4148.941,4185.206,4127.43,4151.238,24985304800,sh000300,103719946727342.4
2025-07-31,4141.561,4141.824,4063.666,4075.591,26708740600,sh000300,108853902810694.6
2025-08-01,4069.925,4085.354,4040.462,4054.929,19622182600,sh000300,79566557268035.4
2025-08-04,4037.938,4070.702,4037.938,4070.702,16227590200,sh000300,66057683882320.41
2025-08-05,4080.388,4106.297,4075.584,4103.45,17885199900,sh000300,73391023529655.0
2025-08-06,4100.428,4116.709,4098.354,4113.485,17667615500,sh000300,72675471345017.5
2025-08-07,4120.282,4129.738,4094.821,4114.666,19864190200,sh000300,81734508033473.2
2025-08-08,4109.273,4122.21,4097.416,4104.967,17317120100,sh000300,71086206545536.69
2025-08-11,4110.294,4134.246,4103.605,4122.511,19044371600,sh000300,78510631409087.61
2025-08-12,4123.576,4153.295,4121.224,4143.825,17728782300,sh000300,73464971314297.5
2025-08-13,4150.504,4186.748,4147.199,4176.578,21393499900,sh000300,89351621025342.2
2025-08-14,4179.965,4220.311,4165.938,4173.313,22110359500,sh000300,92273450736023.5
2025-08-15,4162.421,4214.729,4157.495,4202.353,26132756600,sh000300,109819068096279.8
2025-08-18,4218.247,4272.96,4203.419,4239.413,30147910200,sh000300,127809442424712.6
2025-08-19,4241.765,4264.23,4215.208,4223.374,25081877100,sh000300,105930147615335.39
2025-08-20,4208.401,4272.146,4190.556,4271.396,24648177300,sh000300,105282125926510.8
2025-08-21,4284.371,4308.447,4273.652,4288.071,25903001400,sh000300,111073909116299.39
2025-08-22,4287.363,4378.388,4287.363,4377.998,29043489700,sh000300,127152339819620.6
2025-08-25,4416.292,4472.653,4404.776,4469.222,35809000600,sh000300,160038373279533.2
2025-08-26,4453.353,4476.803,4435.528,4452.591,27062139500,sh000300,120496638778444.52
2025-08-27,4458.84,4494.913,4386.127,4386.127,33313389800,sh000300,146116758463304.62
2025-08-28,4378.035,4464.803,4364.171,4463.782,29683453600,sh000300,132500465877515.2
2025-08-29,4455.803,4516.84,4452.363,4496.759,35193894700,sh000300,158258462737277.3
2025-09-01,4516.879,4528.134,4487.53,4523.711,32036670800,sh000300,144924640101338.8
2025-09-02,4521.983,4548.894,4454.417,4490.453,30393256600,sh000300,136479490279239.81
2025-09-03,4501.339,4510.73,4427.518,4459.83,25432021700,sh000300,113422493338311.0
2025-09-04,4461.25,4465.497,4327.507,4365.209,30793460900,sh000300,134419892661828.1
2025-09-05,4365.608,4466.56,4350.297,4460.325,24962565700,sh000300,111341155855852.5
2025-09-08,4467.169,4482.763,4438.07,4467.573,26763838200,sh000300,119569400918688.61
2025-09-09,4448.739,4472.093,4412.691,4436.258,22137546000,sh000300,98207865542868.0
2025-09-10,4438.3,4466.633,4414.594,4445.365,20359764600,sh000300,90506584961079.0
2025-09-11,4438.839,4548.035,4427.924,4548.035,25326405100,sh000300,115185376818978.5
2025-09-12,4544.591,4564.667,4517.79,4521.998,26644200300,sh000300,120485020468199.39
2025-09-15,4534.887,4566.905,4522.496,4533.056,23188567800,sh000300,105115076397196.8
2025-09-16,4539.922,4552.419,4494.788,4523.337,24926920600,sh000300,112752862246042.22
2025-09-17,4517.286,4556.03,4503.796,4551.023,23571647200,sh000300,107275108555085.61
2025-09-18,4546.032,4573.833,4454.989,4498.109,30985982600,sh000300,139378327206903.4
2025-09-19,4499.091,4533.092,4491.844,4501.92,22504400000,sh000300,101313008448000.0
2025-09-22,4512.025,4523.87,4487.13,4522.608,19645995600,sh000300,88851136868524.8
2025-09-23,4536.757,4560.732,4459.728,4519.778,25282706200,sh000300,114272219263223.61
2025-09-24,4495.266,4567.495,4494.113,4566.071,22048260800,sh000300,100673924239316.8
2025-09-25,4563.983,4613.949,4558.842,4593.488,22982333300,sh000300,105569072225550.4
2025-09-26,4576.914,4597.847,4550.049,4550.049,20848211400,sh000300,94860383432358.6
2025-09-29,4555.034,4647.569,4541.425,4620.053,27435887700,sh000300,126755255276048.1
2025-09-30,4629.899,4647.503,4616.224,4640.694,24798035900,sh000300,115080096412914.61
2025-10-09,4662.113,4726.345,4651.99,4709.482,34767869600,sh000300,163738656059547.2
2025-10-10,4679.498,4692.586,4600.965,4616.834,31902089900,sh000300,147286653321376.6
2025-10-13,4490.866,4601.807,4490.866,4593.979,31501035400,sh000300,144715095105856.6
2025-10-14,4634.054,4641.449,4520.926,4539.064,37295403000,sh000300,169286221122792.0
2025-10-15,4544.243,4608.824,4526.834,4606.288,28477185500,sh000300,131174117842423.98
2025-10-16,4588.921,4645.096,4586.28,4618.422,24823551800,sh000300,114645637751259.6
2025-10-17,4610.697,4618.562,4509.329,4514.235,25690561700,sh000300,115973232795799.48
2025-10-20,4558.242,4570.438,4520.502,4538.22,21842040500,sh000300,99123985037910.0
2025-10-21,4556.122,4615.463,4547.928,4607.872,21571117500,sh000300,99396948336960.0
2025-10-22,4576.028,4603.488,4567.236,4592.57,18533396000,sh000300,85115918467720.0
2025-10-23,4578.702,4611.341,4541.694,4606.345,20046391700,sh000300,92340596175336.5
2025-10-24,4622.787,4660.684,4622.787,4660.684,20881448300,sh000300,97321831988637.2
2025-10-27,4699.382,4720.429,4687.688,4716.019,26220067400,sh000300,123654336039680.61
2025-10-28,4697.728,4734.322,4679.229,4691.973,22090664500,sh000300,103648801386058.5
2025-10-29,4701.036,4747.838,4697.268,4747.838,24621132400,sh000300,116897148011751.19
2025-10-30,4735.981,4761.834,4706.452,4709.911,27328911800,sh000300,128716742304849.8
2025-10-31,4702.495,4706.14,4640.668,4640.668,28146474000,sh000300,130618441204631.98
2025-11-03,4636.732,4653.403,4595.734,4653.403,23986980900,sh000300,111621088881002.7
2025-11-04,4649.348,4665.323,4595.066,4618.699,23322403200,sh000300,107719160337436.8
2025-11-05,4562.112,4642.61,4558.765,4627.257,20304587100,sh000300,93954542790584.69
2025-11-06,4642.011,4698.094,4642.011,4693.403,22424100800,sh000300,105245341967022.4
2025-11-07,4673.762,4701.374,4666.041,4678.794,21249737700,sh000300,99423145252333.8
2025-11-10,4688.124,4695.179,4654.21,4695.051,23602676400,sh000300,110815769434496.4
2025-11-11,4706.337,4707.128,4648.49,4652.166,18663885800,sh000300,86827494946642.8
2025-11-12,4643.559,4669.607,4620.99,4645.908,20946059200,sh000300,97313464005753.61
2025-11-13,4643.786,4703.49,4643.786,4702.074,20736747400,sh000300,97505720794107.6
2025-11-14,4663.318,4684.258,4628.024,4628.14,19209267600,sh000300,88903179750264.0
2025-11-17,4616.806,4624.898,4580.261,4598.053,18895546600,sh000300,86882724730769.8
2025-11-18,4584.79,4606.617,4552.804,4568.193,17771318500,sh000300,81182812772470.5
2025-11-19,4568.037,4607.863,4568.037,4588.292,17292497400,sh000300,79343027480440.81
2025-11-20,4619.54,4620.653,4560.181,4564.948,19456259300,sh000300,88816811979016.4
2025-11-21,4513.386,4527.044,4453.182,4453.608,22285101300,sh000300,99249105430490.4
2025-11-24,4473.156,4478.808,4421.812,4448.048,18583372900,sh000300,82659734661099.2
2025-11-25,4475.836,4510.773,4467.353,4490.405,16957192900,sh000300,76144663784124.5
2025-11-26,4490.202,4538.136,4485.698,4517.626,15620036800,sh000300,70565484368636.8
2025-11-27,4520.014,4559.218,4509.864,4515.403,15031177200,sh000300,67871822622411.6
2025-11-28,4511.497,4531.722,4492.426,4526.662,14290209600,sh000300,64686948768355.2
2025-12-01,4539.188,4576.965,4531.292,4576.486,20038231700,sh000300,91704686839806.2
2025-12-02,4571.91,4575.495,4539.431,4554.335,14849313200,sh000300,67628746832722.0
2025-12-03,4554.589,4569.821,4523.502,4531.049,16976279000,sh000300,76920351986671.0
2025-12-04,4533.6,4557.423,4514.188,4546.566,14719811000,sh000300,66924592219026.0
2025-12-05,4547.906,4593.828,4535.02,4584.537,19679996800,sh000300,90223673489481.61
2025-12-08,4593.14,4640.626,4592.741,4621.755,19962099000,sh000300,92259930863745.0
2025-12-09,4611.379,4628.705,4584.254,4598.223,18416034400,sh000300,84681032946871.2
2025-12-10,4586.254,4598.537,4549.08,4591.827,16911110600,sh000300,77652894253066.2
2025-12-11,4597.19,4610.279,4547.137,4552.185,16841940500,sh000300,76667628914992.5
2025-12-12,4558.738,4583.675,4530.784,4580.95,21282652000,sh000300,97494764679400.0
2025-12-15,4550.003,4595.046,4548.438,4552.06,16758996700,sh000300,76287958518202.0
2025-12-16,4542.423,4553.081,4484.27,4497.555,16516520100,sh000300,74283957558355.5
2025-12-17,4499.773,4594.656,4498.93,4579.875,17842483000,sh000300,81716341829625.0
2025-12-18,4553.979,4571.968,4544.142,4552.793,15168132800,sh000300,69057368834910.4
2025-12-19,4561.373,4591.093,4546.847,4568.178,15487622000,sh000300,70750214092716.0
2025-12-22,4587.668,4615.872,4587.668,4611.624,16525285600,sh000300,76208403679814.39
2025-12-23,4616.026,4644.535,4607.799,4620.734,16925641200,sh000300,78208885764640.81
2025-12-24,4623.683,4639.428,4602.144,4634.059,15371124100,sh000300,71230695975721.9
2025-12-25,4629.32,4651.154,4621.921,4642.536,13943418600,sh000300,64732822813569.6
2025-12-26,4639.79,4676.131,4635.105,4657.24,17539656500,sh000300,81686389838060.0
2025-12-29,4658.265,4672.035,4629.057,4639.372,20039713300,sh000300,92971684772047.61
2025-12-30,4617.316,4664.331,4616.632,4651.282,18037497400,sh000300,83897486981666.8
2025-12-31,4656.48,4667.047,4622.099,4629.94,17076022400,sh000300,79060959150656.0
2026-01-05,4661.616,4721.638,4661.616,4717.746,23414483900,sh000300,110463587761289.4
2026-01-06,4719.209,4790.694,4718.01,4790.694,29697068600,sh000300,142269568359608.4
2026-01-07,4796.934,4802.603,4751.071,4776.666,25909556400,sh000300,123761297130962.4
2026-01-08,4761.011,4765.486,4717.009,4737.654,23880495700,sh000300,113137525975087.81
2026-01-09,4725.957,4771.428,4719.134,4758.922,25468803800,sh000300,121204050717503.6
2026-01-12,4769.65,4795.933,4737.57,4789.916,29483316500,sh000300,141222609436414.0
2026-01-13,4798.049,4836.955,4745.515,4761.032,30144949700,sh000300,143521070160090.4
2026-01-14,4767.696,4818.101,4720.246,4741.931,36495102300,sh000300,173057256944541.28
2026-01-15,4721.797,4769.548,4720.937,4751.429,25400363600,sh000300,120688024219584.4
2026-01-16,4778.43,4792.551,4715.365,4731.873,32527892900,sh000300,153917858160401.7
2026-01-19,4720.195,4761.632,4715.087,4734.456,26761249200,sh000300,126699956842435.2
2026-01-20,4736.91,4748.23,4684.968,4718.878,28271957900,sh000300,133411920151236.19
2026-01-21,4714.554,4758.279,4714.237,4723.069,26635333200,sh000300,125800516541590.81
2026-01-22,4741.755,4757.764,4700.448,4723.709,27419993200,sh000300,129524068658778.8
2026-01-23,4729.585,4734.794,4684.617,4702.497,31463544500,sh000300,147957223620616.5
2026-01-26,4715.375,4754.178,4693.158,4706.964,36300448100,sh000300,170864902390568.4
2026-01-27,4705.174,4736.986,4675.641,4705.692,30147569700,sh000300,141865177556732.4
2026-01-28,4725.601,4739.626,4697.906,4717.991,38225560200,sh000300,180347848993558.2
2026-01-29,4733.088,4770.96,4696.054,4753.87,41551305500,sh000300,197529504677285.0
2026-01-30,4723.081,4738.871,4645.471,4706.34,31978653100,sh000300,150502414230654.0
2026-02-02,4674.276,4716.607,4601.76,4605.98,30477350000,sh000300,140378064552999.98
2026-02-03,4648.357,4662.126,4578.209,4660.107,26554940500,sh000300,123748864108633.5
2026-02-04,4647.967,4701.477,4641.842,4698.683,26488103200,sh000300,124459200208085.6
2026-02-05,4664.748,4687.021,4639.43,4670.419,23785635100,sh000300,111088882098106.89
2026-02-06,4622.975,4678.262,4606.638,4643.596,20271647700,sh000300,94133342173129.19
2026-02-09,4693.672,4719.964,4679.904,4719.056,20725193800,sh000300,97803350153052.8
2026-02-10,4718.255,4732.087,4713.868,4724.296,18700095800,sh000300,88344787787556.81
2026-02-11,4715.67,4723.704,4703.687,4713.819,17339168100,sh000300,81733700033973.9
2026-02-12,4720.009,4726.043,4707.736,4719.578,19784143900,sh000300,93372810299274.2
2026-02-13,4693.411,4703.633,4658.404,4660.406,18916775600,sh000300,88159854506893.6
2026-02-24,4727.296,4727.373,4698.349,4707.544,21848889000,sh000300,102854606318616.0
2026-02-25,4713.575,4766.559,4713.344,4735.886,28426835400,sh000300,134626251795164.4
2026-02-26,4741.39,4742.148,4706.694,4726.874,23484764400,sh000300,111009522238485.6
2026-02-27,4698.3,4721.014,4692.891,4710.647,26142086500,sh000300,123146141344965.5
2026-03-02,4681.014,4735.406,4667.275,4728.669,34926075200,sh000300,165153849089908.78
2026-03-03,4737.316,4744.599,4651.405,4655.896,37062427200,sh000300,172558806550771.2
2026-03-04,4609.192,4639.42,4575.825,4602.625,30303566600,sh000300,139475953222325.0
2026-03-05,4651.942,4671.527,4630.302,4647.692,25931782500,sh000300,120522938070990.0
2026-03-06,4621.494,4671.713,4612.794,4660.439,23852792600,sh000300,111164484891951.4
2026-03-09,4600.254,4625.981,4548.969,4615.455,32278761700,sh000300,148981172082073.5
2026-03-10,4648.785,4677.596,4648.785,4674.756,26390374800,sh000300,123368562938548.81
2026-03-11,4681.032,4711.867,4674.709,4704.496,27017544300,sh000300,127103929089172.8
2026-03-12,4700.721,4704.379,4654.315,4687.56,30298681600,sh000300,142026887920896.0
2026-03-13,4669.062,4707.419,4659.498,4669.14,31077200900,sh000300,145103801810226.0
2026-03-16,4669.224,4673.693,4621.812,4671.559,29621507000,sh000300,138378617619413.0
2026-03-17,4685.57,4720.861,4637.368,4637.439,26302191300,sh000300,121974807720080.7
2026-03-18,4648.752,4662.294,4604.516,4658.332,23469070500,sh000300,109326722120406.02
2026-03-19,4611.44,4634.547,4570.392,4583.251,25413044900,sh000300,116474363450969.9
2026-03-20,4602.821,4628.712,4563.069,4567.018,25787370300,sh000300,117771384332765.4
2026-03-23,4499.1,4514.718,4397.566,4417.997,32808194500,sh000300,144946504876416.5
2026-03-24,4458.907,4474.825,4394.294,4474.722,25553251700,sh000300,114343697553527.39
2026-03-25,4506.625,4542.181,4502.027,4537.466,26263927900,sh000300,119171679872701.4
2026-03-26,4525.329,4541.05,4468.957,4477.534,21373678800,sh000300,95701373532079.19
2026-03-27,4431.503,4519.89,4431.421,4502.57,19240038800,sh000300,86629621499716.0
2026-03-30,4461.737,4496.411,4447.137,4491.95,20929309200,sh000300,94013410460940.0
2026-03-31,4491.921,4523.175,4450.049,4450.049,22454158500,sh000300,99922105578766.5
2026-04-01,4517.272,4532.109,4492.054,4526.067,21648319600,sh000300,97981744947013.2
2026-04-02,4514.442,4519.693,4459.61,4478.914,19099216100,sh000300,85543746379315.39
2026-04-03,4492.846,4494.457,4437.595,4440.789,16832170500,sh000300,74748117602524.5
2026-04-07,4445.861,4458.926,4420.694,4440.616,16263878700,sh000300,72221639977279.2
2026-04-08,4517.34,4595.556,4513.771,4595.556,25333921300,sh000300,116423454033742.8
2026-04-09,4562.67,4579.197,4552.424,4566.224,18493978300,sh000300,84447647568939.2
2026-04-10,4594.947,4655.099,4590.109,4636.566,20867860500,sh000300,96755212487043.0
2026-04-13,4615.133,4653.398,4615.133,4646.155,19671227700,sh000300,91395572934493.5
2026-04-14,4676.124,4701.284,4654.853,4701.284,20470033200,sh000300,96235439562628.8
2026-04-15,4726.638,4731.273,4672.556,4685.246,20168850000,sh000300,94496023787100.0
2026-04-16,4694.431,4739.221,4689.414,4736.608,19205760000,sh000300,90970156462080.0
2026-04-17,4728.995,4738.324,4714.467,4728.672,18291533600,sh000300,86494662771379.19
2026-04-20,4727.166,4763.043,4720.685,4757.442,22163349400,sh000300,105440849296234.8
2026-04-21,4750.515,4776.826,4722.007,4767.997,20561405800,sh000300,98036721170182.61
2026-04-22,4751.279,4801.447,4750.35,4799.627,20448183000,sh000300,98143651227741.02
2026-04-23,4816.027,4823.47,4759.86,4786.327,23286573600,sh000300,111457155959167.2
2026-04-24,4771.735,4786.444,4735.606,4769.369,19379831400,sh000300,92429567104386.6
2026-04-27,4776.335,4795.168,4762.644,4770.947,19279655000,sh000300,91982212183285.0
2026-04-28,4757.077,4778.189,4743.436,4758.208,21672423300,sh000300,103121897925446.39
2026-04-29,4737.576,4813.61,4737.114,4810.347,23329811000,sh000300,112224486354417.0
2026-04-30,4820.972,4829.272,4797.545,4807.307,25063337000,sh000300,120487155403459.0
2026-05-06,4857.654,4892.796,4834.281,4877.093,27444388000,sh000300,133848832604084.0
2026-05-07,4895.8,4901.858,4866.875,4900.51,25783397200,sh000300,126351795812572.0
2026-05-08,4871.119,4887.213,4849.987,4871.912,25172099600,sh000300,122636254106435.2
2026-05-11,4902.278,4960.398,4889.566,4951.837,30573480100,sh000300,151394889977943.72
2026-05-12,4965.018,4971.303,4926.79,4948.047,27381200100,sh000300,135483465011204.69
2026-05-13,4919.425,5001.12,4919.425,4998.342,26845453700,sh000300,134182758737765.39
2026-05-14,5027.641,5030.519,4913.604,4914.597,28069537900,sh000300,137950466754726.3
2026-05-15,4911.622,4935.617,4832.69,4859.593,27696776900,sh000300,134595063145801.7
2026-05-18,4836.329,4868.601,4806.146,4833.524,23907758700,sh000300,115558725462658.81
2026-05-19,4818.705,4854.525,4773.534,4852.883,23228085200,sh000300,112723179789631.6
2026-05-20,4829.613,4866.212,4825.643,4850.7,22002320600,sh000300,106726656534420.0
2026-05-21,4886.239,4937.933,4780.711,4783.098,28734250700,sh000300,137438737054668.6
2026-05-22,4818.844,4851.349,4785.349,4845.096,28694043500,sh000300,139025395385675.98
2026-05-25,4873.196,4922.438,4857.135,4921.597,26474323600,sh000300,130295951606789.19
2026-05-26,4900.115,4952.741,4892.683,4947.849,30279947600,sh000300,149820608452712.4
