date,open,high,low,close,volume,sina_symbol,amount
2020-03-17,5707.416,5756.201,5436.6,5642.919,20715772400,sh000852,116897425675635.6
2020-03-18,5702.173,5804.301,5556.108,5556.108,20511482900,sh000852,113964014232553.2
2020-03-19,5552.509,5641.038,5453.039,5617.195,19081576100,sh000852,107184933861039.5
2020-03-20,5676.967,5688.947,5574.617,5670.471,17274400000,sh000852,97953984242400.0
2020-03-23,5514.926,5575.531,5398.951,5416.571,17033839300,sh000852,92264999971040.3
2020-03-24,5522.178,5535.933,5344.418,5517.255,17545230600,sh000852,96801511254003.0
2020-03-25,5632.408,5652.434,5589.956,5646.625,18211481100,sh000852,102833404466287.5
2020-03-26,5606.635,5666.126,5582.93,5595.433,16599923400,sh000852,92883759189832.2
2020-03-27,5659.59,5665.623,5550.535,5553.612,15439184200,sh000852,85743238643330.4
2020-03-30,5472.148,5472.148,5362.797,5415.411,15955046300,sh000852,86403133238529.3
2020-03-31,5465.372,5479.021,5414.306,5427.132,14180952400,sh000852,76961900560516.8
2020-04-01,5413.546,5491.469,5391.545,5403.303,14726358200,sh000852,79570975441134.6
2020-04-02,5376.659,5538.604,5367.565,5538.604,14593875900,sh000852,80829699435243.61
2020-04-03,5525.775,5558.379,5482.056,5507.119,14057768900,sh000852,77417806206799.1
2020-04-07,5605.271,5697.76,5599.816,5695.169,17892414200,sh000852,101900322686999.8
2020-04-08,5673.343,5739.301,5661.954,5718.128,18330136700,sh000852,104814067908097.6
2020-04-09,5750.887,5802.651,5740.031,5789.265,18252476100,sh000852,105668421049066.5
2020-04-10,5787.544,5787.544,5619.704,5637.532,19147239800,sh000852,107943177084173.61
2020-04-13,5590.319,5613.412,5542.572,5578.856,13932857200,sh000852,77729403987363.2
2020-04-14,5605.906,5692.001,5599.908,5692.001,14234415900,sh000852,81022309537215.9
2020-04-15,5689.735,5720.423,5655.222,5657.948,16440192700,sh000852,93017755406579.61
2020-04-16,5626.845,5711.716,5617.054,5700.96,15629419700,sh000852,89102696532912.0
2020-04-17,5735.901,5764.792,5702.013,5710.053,18555204900,sh000852,105951203404859.7
2020-04-20,5722.734,5803.402,5714.317,5803.402,16367996800,sh000852,94990065365113.6
2020-04-21,5780.858,5780.858,5711.166,5773.008,17500151900,sh000852,101028516919915.2
2020-04-22,5721.526,5826.583,5710.812,5826.56,16843960500,sh000852,98142346490880.0
2020-04-23,5841.403,5846.381,5789.102,5789.482,18788635000,sh000852,108776464137070.0
2020-04-24,5782.288,5784.115,5654.217,5675.51,18157207700,sh000852,103051413873427.0
2020-04-27,5675.565,5699.774,5617.519,5645.657,14687442700,sh000852,82920263691353.9
2020-04-28,5641.292,5644.351,5395.573,5561.198,18395212800,sh000852,102299420632934.4
2020-04-29,5532.997,5600.764,5524.869,5547.628,14372431500,sh000852,79732903417482.0
2020-04-30,5572.573,5695.212,5572.573,5678.166,16018605600,sh000852,90956301685329.61
2020-05-06,5636.867,5802.465,5632.033,5802.419,16051535100,sh000852,93137732243406.89
2020-05-07,5809.537,5837.329,5787.608,5795.872,16231627500,sh000852,94076435341680.0
2020-05-08,5825.737,5885.996,5822.81,5862.767,16139258500,sh000852,94620712138269.5
2020-05-11,5892.566,5902.16,5813.671,5851.804,15806533600,sh000852,92496736546614.4
2020-05-12,5847.701,5869.586,5780.094,5869.507,14183568700,sh000852,83250555769630.89
2020-05-13,5849.46,5923.261,5835.329,5917.027,13957827800,sh000852,82588843953950.6
2020-05-14,5889.138,5915.605,5861.775,5863.236,15897422600,sh000852,93210340495533.6
2020-05-15,5886.778,5924.766,5859.901,5889.977,15518782700,sh000852,91405273170997.89
2020-05-18,5905.924,5916.708,5841.717,5860.043,17578597700,sh000852,103011338401701.1
2020-05-19,5896.155,5936.664,5886.902,5936.599,15177916900,sh000852,90105206290623.11
2020-05-20,5928.47,5928.47,5844.58,5865.841,16171783700,sh000852,94861111870591.7
2020-05-21,5878.725,5883.781,5780.106,5791.64,15229310200,sh000852,88202682126728.0
2020-05-22,5782.625,5782.66,5643.396,5683.996,14384488000,sh000852,81761372254048.0
2020-05-25,5674.302,5691.141,5640.279,5671.972,11587360800,sh000852,65723186011497.59
2020-05-26,5690.399,5808.549,5690.399,5808.549,12507948300,sh000852,72653030590016.7
2020-05-27,5813.985,5817.061,5758.181,5772.084,14594459900,sh000852,84240448477431.6
2020-05-28,5769.787,5790.181,5675.495,5758.927,14901188000,sh000852,85814853905276.0
2020-05-29,5744.234,5834.621,5732.379,5816.4,14623470200,sh000852,85055952071280.0
2020-06-01,5855.331,5996.415,5855.331,5993.785,18280449000,sh000852,109569081009465.0
2020-06-02,6012.566,6021.265,5978.772,6002.836,19495480300,sh000852,117028170982130.8
2020-06-03,6010.409,6043.104,5987.572,5994.638,19295477800,sh000852,115669404448036.4
2020-06-04,6004.459,6016.117,5973.2,6006.765,17202779400,sh000852,103333053202641.0
2020-06-05,6009.884,6028.999,5970.15,6015.327,16312324600,sh000852,98123966599144.2
2020-06-08,6039.246,6049.856,5993.171,6001.432,15746971000,sh000852,94504375662472.0
2020-06-09,6005.836,6042.361,5979.231,6042.335,14730507700,sh000852,89006662243479.5
2020-06-10,6033.488,6049.688,6007.985,6049.322,14567019900,sh000852,88120593955507.8
2020-06-11,6050.121,6107.337,5999.513,6027.409,16128105100,sh000852,97210685832685.89
2020-06-12,5901.07,6058.774,5888.228,6031.171,15871794200,sh000852,95725504897008.2
2020-06-15,6031.093,6106.451,6028.936,6028.956,16908477300,sh000852,101940465668698.8
2020-06-16,6076.605,6151.686,6064.257,6151.686,16001462000,sh000852,98435969764932.0
2020-06-17,6160.202,6178.141,6124.218,6178.141,17353970400,sh000852,107215276041026.39
2020-06-18,6168.051,6168.235,6121.065,6149.289,16211222500,sh000852,99687492195802.5
2020-06-19,6147.884,6198.052,6140.519,6187.108,15220599300,sh000852,94171491693824.4
2020-06-22,6204.499,6246.046,6204.499,6228.016,16094475400,sh000852,100236650302806.39
2020-06-23,6229.646,6245.152,6196.687,6238.897,15236380800,sh000852,95058210463977.6
2020-06-24,6242.559,6258.825,6210.968,6227.569,14454046900,sh000852,90013574398986.11
2020-06-29,6214.883,6233.269,6190.413,6211.381,14340756700,sh000852,89075903692002.7
2020-06-30,6239.61,6330.088,6236.639,6319.556,14458378400,sh000852,91370531967990.39
2020-07-01,6341.542,6357.103,6267.136,6339.369,17610873900,sh000852,111641828064569.1
2020-07-02,6341.952,6416.955,6316.959,6413.952,20817193800,sh000852,133520481807897.61
2020-07-03,6424.094,6479.247,6397.51,6478.354,22104809600,sh000852,143202781691398.4
2020-07-06,6516.922,6732.617,6516.922,6725.996,30489018600,sh000852,205069017147525.6
2020-07-07,6784.821,6917.537,6711.315,6817.865,33120512400,sh000852,225811182274026.0
2020-07-08,6817.831,6973.997,6769.208,6973.997,30388302500,sh000852,211927930470092.5
2020-07-09,6976.718,7187.759,6972.004,7182.177,34443886800,sh000852,247382091565563.6
2020-07-10,7161.619,7238.378,7105.759,7150.424,31690907900,sh000852,226603428429949.6
2020-07-13,7179.972,7403.086,7179.972,7403.086,31554426400,sh000852,233600132319870.4
2020-07-14,7412.272,7447.509,7201.49,7344.988,33432813100,sh000852,245563611025742.8
2020-07-15,7355.563,7368.003,7096.576,7131.464,30730102100,sh000852,219150616842474.4
2020-07-16,7130.042,7165.765,6748.503,6758.14,28075548500,sh000852,189738487339790.0
2020-07-17,6759.104,6885.854,6690.454,6772.532,20817642400,sh000852,140988149318556.8
2020-07-20,6851.317,7003.667,6789.313,7003.667,21945062200,sh000852,153695907943087.4
2020-07-21,7026.976,7067.32,6977.471,7058.791,21753656200,sh000852,153554512601654.22
2020-07-22,7050.4,7181.193,7020.549,7125.569,22849891600,sh000852,162818479238320.4
2020-07-23,7068.401,7130.453,6921.186,7119.671,24478342900,sh000852,174277748073185.9
2020-07-24,7098.514,7133.696,6766.51,6784.635,26548176700,sh000852,180119688825004.5
2020-07-27,6807.983,6839.827,6717.325,6786.529,19146445900,sh000852,129937910347281.11
2020-07-28,6835.564,6886.444,6796.824,6857.943,18486789000,sh000852,126781345215027.0
2020-07-29,6843.836,7060.535,6816.311,7060.535,20431274300,sh000852,144255727289750.5
2020-07-30,7082.72,7107.483,7029.019,7048.981,23419873500,sh000852,165086243323903.5
2020-07-31,7030.305,7143.594,6997.632,7141.592,23233124800,sh000852,165921498206681.6
2020-08-03,7204.173,7373.359,7193.069,7373.341,27395145500,sh000852,201993749516115.5
2020-08-04,7398.985,7406.258,7296.12,7326.189,27623209900,sh000852,202372856514071.1
2020-08-05,7340.553,7442.388,7284.675,7427.189,24641110500,sh000852,183014184853384.5
2020-08-06,7425.547,7457.159,7309.361,7432.766,25452674700,sh000852,189183775119220.2
2020-08-07,7407.684,7417.094,7209.944,7339.811,24394617000,sh000852,179051878197387.0
2020-08-10,7319.543,7414.097,7288.749,7358.862,22589291400,sh000852,166231478090386.8
2020-08-11,7358.727,7377.822,7203.789,7213.445,22992796400,sh000852,165857272227598.0
2020-08-12,7176.887,7196.281,6932.295,7092.355,21072632200,sh000852,149454588346831.0
2020-08-13,7112.336,7158.95,7076.776,7113.93,19126992600,sh000852,136068086466918.0
2020-08-14,7103.071,7183.958,7058.54,7183.958,17575777400,sh000852,126263646658949.19
2020-08-17,7206.379,7339.693,7194.124,7339.693,20719241100,sh000852,152072868866982.3
2020-08-18,7348.419,7422.137,7339.891,7410.241,21555541300,sh000852,159731755918453.3
2020-08-19,7397.883,7397.883,7248.888,7256.131,21678439200,sh000852,157301594710735.22
2020-08-20,7196.355,7257.008,7126.037,7151.261,18339677300,sh000852,131151819028075.31
2020-08-21,7182.303,7244.164,7137.053,7194.274,17377455300,sh000852,125018174850952.2
2020-08-24,7212.531,7267.092,7119.939,7253.64,16755194200,sh000852,121536146856888.0
2020-08-25,7258.01,7283.283,7188.171,7213.682,19511571200,sh000852,140750269957158.4
2020-08-26,7209.511,7211.296,7010.081,7037.978,19985957600,sh000852,140660729897732.8
2020-08-27,7041.521,7125.877,6998.028,7113.804,17155919500,sh000852,122043848762778.0
2020-08-28,7102.272,7208.415,7083.134,7204.782,17471327700,sh000852,125877107329061.4
2020-08-31,7238.659,7308.596,7221.554,7224.046,18476684100,sh000852,133476415865868.61
2020-09-01,7216.646,7258.887,7169.402,7258.887,16407265100,sh000852,119098483339943.7
2020-09-02,7270.948,7301.273,7197.212,7272.624,19925596700,sh000852,144911372774740.78
2020-09-03,7263.604,7265.9,7165.77,7189.861,18986375600,sh000852,136509401457791.6
2020-09-04,7064.281,7189.127,7045.551,7182.105,17063784900,sh000852,122553894849214.5
2020-09-07,7189.969,7240.046,7027.921,7057.194,21125997700,sh000852,149090264212453.8
2020-09-08,7070.68,7108.645,6981.573,7103.086,21091053700,sh000852,149811568261718.22
2020-09-09,7023.295,7034.488,6871.772,6877.602,25871490900,sh000852,177933817556821.78
2020-09-10,6921.458,6938.076,6615.563,6633.89,21505764300,sh000852,142666874732127.0
2020-09-11,6592.9,6746.175,6591.307,6742.059,15113992800,sh000852,101899431183175.2
2020-09-14,6781.696,6871.05,6762.241,6848.359,17106521100,sh000852,117151597733874.9
2020-09-15,6861.026,6883.023,6818.224,6881.586,15449797100,sh000852,106319107426200.61
2020-09-16,6871.072,6871.072,6777.432,6812.912,13682944900,sh000852,93220699504548.8
2020-09-17,6800.353,6876.015,6746.218,6825.152,13896366100,sh000852,94844810880147.2
2020-09-18,6822.972,6933.658,6811.905,6929.767,15199457400,sh000852,105328698308425.8
2020-09-21,6951.752,6975.133,6912.036,6927.19,14768931400,sh000852,102307193904766.0
2020-09-22,6862.339,6912.098,6793.681,6815.777,13553451700,sh000852,92377304367470.9
2020-09-23,6839.472,6881.481,6805.134,6862.966,11854065800,sh000852,81354050547162.8
2020-09-24,6814.009,6814.009,6675.058,6675.152,13126805100,sh000852,87623419316875.2
2020-09-25,6703.622,6717.242,6604.675,6634.389,10341091500,sh000852,68606823695593.5
2020-09-28,6649.182,6660.182,6550.002,6550.369,9626415400,sh000852,63056573017282.59
2020-09-29,6585.182,6651.738,6562.82,6621.032,9505152300,sh000852,62933917543173.6
2020-09-30,6641.385,6665.881,6584.885,6617.159,9501852900,sh000852,62875271433911.09
2020-10-09,6737.529,6828.977,6727.393,6822.365,12697323700,sh000852,86625776804550.5
2020-10-12,6881.626,7036.275,6875.7,7036.275,17126716100,sh000852,120508284326527.5
2020-10-13,7023.436,7059.243,6989.672,7053.871,14558491100,sh000852,102693718174048.1
2020-10-14,7036.87,7036.87,6975.187,6988.609,13833573300,sh000852,96677434866539.7
2020-10-15,6991.736,6992.295,6924.186,6926.846,12956364100,sh000852,89746738840628.6
2020-10-16,6924.811,6942.628,6846.165,6906.388,11639218400,sh000852,80384958287139.2
2020-10-19,6943.799,6947.95,6843.0,6858.356,12008458500,sh000852,82358283404226.0
2020-10-20,6846.362,6923.384,6804.84,6923.384,11372651200,sh000852,78737231355660.8
2020-10-21,6926.533,6926.691,6793.493,6815.093,11578726600,sh000852,78910098600573.8
2020-10-22,6788.003,6800.045,6714.148,6771.807,10766059600,sh000852,72905677761697.2
2020-10-23,6774.767,6811.33,6627.696,6641.329,11070876000,sh000852,73525329834204.0
2020-10-26,6620.188,6674.575,6545.788,6648.521,9866145200,sh000852,65595273551249.195
2020-10-27,6630.719,6689.032,6620.093,6682.538,10070702600,sh000852,67297852811198.8
2020-10-28,6680.44,6700.47,6589.769,6685.429,11534988000,sh000852,77116343289852.0
2020-10-29,6592.892,6698.724,6573.698,6674.742,11617539900,sh000852,77544081507205.8
2020-10-30,6685.593,6694.524,6502.121,6511.158,13654516100,sh000852,88906711740643.81
2020-11-02,6517.422,6537.322,6461.707,6513.788,12318731500,sh000852,80241605419922.0
2020-11-03,6538.283,6647.575,6518.664,6647.575,12533956300,sh000852,83320414550972.5
2020-11-04,6652.582,6658.584,6585.8,6632.682,11303355200,sh000852,74971560574646.39
2020-11-05,6685.204,6756.897,6665.813,6754.95,13653462900,sh000852,92228459216355.0
2020-11-06,6771.183,6771.183,6645.57,6688.662,13860816500,sh000852,92710316612523.0
2020-11-09,6723.429,6873.435,6723.429,6851.983,16767402900,sh000852,114889959624950.7
2020-11-10,6854.7,6854.773,6747.743,6779.491,14637042100,sh000852,99231695183571.1
2020-11-11,6761.349,6771.534,6659.283,6663.731,13092531400,sh000852,87245107358653.39
2020-11-12,6680.197,6702.302,6647.768,6676.422,11264188100,sh000852,75204473242978.19
2020-11-13,6663.222,6700.205,6621.5,6686.391,10934500500,sh000852,73112345732695.5
2020-11-16,6703.182,6747.811,6668.423,6747.811,13565261300,sh000852,91535819418014.3
2020-11-17,6743.869,6743.869,6637.518,6681.723,14332109700,sh000852,95763187021013.1
2020-11-18,6673.595,6723.608,6653.647,6682.125,13444633200,sh000852,89838719621550.0
2020-11-19,6664.831,6725.49,6625.09,6718.458,13493180500,sh000852,90653366475669.0
2020-11-20,6713.648,6770.056,6701.49,6766.061,13316745900,sh000852,90101915080899.89
2020-11-23,6776.243,6833.623,6738.647,6807.718,16603051000,sh000852,113028889147618.0
2020-11-24,6798.832,6827.473,6785.25,6807.997,14345651700,sh000852,97665153736644.9
2020-11-25,6816.231,6817.756,6691.874,6691.874,15166724900,sh000852,101493812023462.6
2020-11-26,6678.136,6693.872,6597.766,6643.185,12494830600,sh000852,83005471219461.0
2020-11-27,6639.599,6644.35,6578.724,6641.773,11905461800,sh000852,79073374735771.4
2020-11-30,6642.155,6674.26,6591.69,6622.359,13080534200,sh000852,86623993384177.81
2020-12-01,6608.62,6717.255,6600.725,6713.23,13454604200,sh000852,90323852553566.0
2020-12-02,6712.889,6741.545,6699.754,6735.712,14938445700,sh000852,100621067962838.4
2020-12-03,6726.26,6736.424,6679.516,6711.843,13720424700,sh000852,92089336479722.1
2020-12-04,6700.688,6755.575,6688.632,6746.63,11900514700,sh000852,80288369490461.0
2020-12-07,6760.104,6770.845,6731.684,6733.002,13005096600,sh000852,87563341417993.2
2020-12-08,6735.229,6753.7,6720.603,6734.372,11955885300,sh000852,80515379199531.61
2020-12-09,6734.122,6736.173,6602.517,6602.517,14074752900,sh000852,92928795293049.3
2020-12-10,6576.063,6647.446,6552.109,6605.192,12084997900,sh000852,79823731449096.8
2020-12-11,6610.555,6617.442,6441.286,6498.239,14458634500,sh000852,93955662594645.5
2020-12-14,6493.649,6578.41,6459.915,6576.816,11649276600,sh000852,76615148731305.6
2020-12-15,6565.497,6603.4,6548.789,6596.503,10713478700,sh000852,70671494384986.1
2020-12-16,6597.312,6598.93,6538.972,6543.362,11856162000,sh000852,77579159896644.0
2020-12-17,6530.656,6599.108,6460.626,6597.86,13578008400,sh000852,89585798502024.0
2020-12-18,6604.025,6625.966,6564.181,6573.404,13370417400,sh000852,87889155218829.61
2020-12-21,6576.713,6692.377,6571.587,6691.588,14360129000,sh000852,96092066894852.0
2020-12-22,6668.213,6684.704,6545.838,6549.969,16141145400,sh000852,105724001994492.6
2020-12-23,6552.275,6615.201,6551.07,6601.243,16301456300,sh000852,107609874290180.9
2020-12-24,6591.789,6596.588,6484.409,6496.326,16088658600,sh000852,104517171168303.6
2020-12-25,6466.35,6570.3,6454.278,6561.275,15456350700,sh000852,101413367439142.5
2020-12-28,6561.768,6566.655,6484.444,6519.471,17427383900,sh000852,113617323941916.89
2020-12-29,6514.909,6548.711,6473.4,6477.262,16500313900,sh000852,106876856212541.8
2020-12-30,6469.891,6549.385,6465.391,6526.879,15029913400,sh000852,98098426142278.6
2020-12-31,6536.861,6646.498,6536.861,6646.474,15630719100,sh000852,103889168099453.4
2021-01-04,6671.927,6809.427,6662.799,6798.764,18320477500,sh000852,124556602889810.0
2021-01-05,6785.52,6827.497,6726.462,6807.447,19724755600,sh000852,134275228334953.2
2021-01-06,6803.687,6816.257,6686.132,6724.95,17908017300,sh000852,120430520941635.0
2021-01-07,6708.715,6709.072,6557.273,6616.552,19368005100,sh000852,128149412880415.19
2021-01-08,6603.505,6638.86,6514.18,6585.359,16181595000,sh000852,106561612267605.0
2021-01-11,6579.642,6584.218,6437.033,6475.955,16670687200,sh000852,107958620126276.0
2021-01-12,6453.014,6566.145,6433.222,6564.735,14036527100,sh000852,92146080731818.5
2021-01-13,6567.603,6567.603,6471.776,6513.64,16212798100,sh000852,105604330216084.0
2021-01-14,6488.747,6557.255,6414.739,6506.827,14719683600,sh000852,95778434679937.2
2021-01-15,6496.906,6539.171,6435.459,6528.461,13195464200,sh000852,86146073406596.2
2021-01-18,6515.577,6655.053,6510.997,6652.096,13739315500,sh000852,91395245680288.0
2021-01-19,6647.946,6677.408,6602.777,6614.071,15502935800,sh000852,102537518089641.8
2021-01-20,6606.731,6671.449,6584.879,6671.449,13074877900,sh000852,87228381091077.1
2021-01-21,6670.179,6770.865,6669.405,6745.109,15936071300,sh000852,107490537950271.7
2021-01-22,6736.005,6737.552,6671.293,6721.917,15866799300,sh000852,106655307950258.11
2021-01-25,6710.801,6728.448,6631.694,6657.272,16613397800,sh000852,110599907998801.6
2021-01-26,6630.36,6645.806,6525.384,6534.097,14206631400,sh000852,92827507610845.8
2021-01-27,6519.45,6552.433,6449.371,6537.754,13078977800,sh000852,85507139427861.2
2021-01-28,6466.569,6545.724,6395.763,6399.127,13232084300,sh000852,84673787910406.11
2021-01-29,6438.614,6459.343,6221.867,6304.118,14554654400,sh000852,91754258786819.2
2021-02-01,6282.031,6347.167,6280.371,6345.814,13108684700,sh000852,83185274890845.8
2021-02-02,6351.66,6419.035,6307.812,6417.461,12804083200,sh000852,82169704576755.2
2021-02-03,6404.072,6404.072,6306.091,6307.39,13119254500,sh000852,82748254640755.0
2021-02-04,6277.97,6295.7,6077.28,6167.747,13959661000,sh000852,86099657253767.0
2021-02-05,6179.487,6214.277,6044.613,6045.297,11979821700,sh000852,72421580183544.89
2021-02-08,6056.911,6122.32,6000.959,6088.819,10357597800,sh000852,63065538278998.2
2021-02-09,6101.678,6264.177,6097.092,6254.011,11141685200,sh000852,69680221799337.2
2021-02-10,6265.414,6316.793,6236.35,6303.306,10544734800,sh000852,66466690133248.8
2021-02-18,6405.023,6441.507,6363.198,6404.595,13911877300,sh000852,89099939796193.5
2021-02-19,6395.577,6527.903,6374.576,6527.647,15549362600,sh000852,101500750127802.2
2021-02-22,6553.912,6659.41,6534.574,6534.574,20359418300,sh000852,133040125478304.19
2021-02-23,6496.751,6545.544,6447.97,6489.962,15848135800,sh000852,102853799112839.61
2021-02-24,6490.379,6542.282,6378.671,6437.837,14939168500,sh000852,96175931718534.5
2021-02-25,6480.921,6492.419,6390.409,6399.347,13507229300,sh000852,86437447299267.1
2021-02-26,6287.49,6381.321,6276.712,6325.405,12320519500,sh000852,77932275647897.5
2021-03-01,6362.936,6495.192,6362.936,6495.157,12896044000,sh000852,83761830458908.0
2021-03-02,6518.325,6518.994,6423.954,6466.632,13622231700,sh000852,88089959422634.39
2021-03-03,6456.71,6553.947,6446.839,6553.596,13676620200,sh000852,89631043436239.19
2021-03-04,6519.04,6534.604,6417.89,6434.894,15019099700,sh000852,96646314544931.8
2021-03-05,6369.233,6484.296,6366.472,6456.279,13990567300,sh000852,90327005857076.7
2021-03-08,6496.215,6529.866,6327.649,6327.649,15681183900,sh000852,99225027623651.11
2021-03-09,6314.355,6321.025,6035.911,6126.283,16175322400,sh000852,99094602638639.2
2021-03-10,6192.147,6208.774,6069.906,6078.244,11796339900,sh000852,71701032219135.6
2021-03-11,6086.093,6219.664,6055.397,6219.664,12496407600,sh000852,77723456479046.39
2021-03-12,6231.691,6234.345,6155.701,6220.478,13767518300,sh000852,85640544699747.4
2021-03-15,6204.82,6238.202,6130.396,6177.738,13359700000,sh000852,82532726358600.0
2021-03-16,6182.52,6233.463,6145.517,6233.463,13772592700,sh000852,85850947009520.1
2021-03-17,6225.523,6283.603,6184.061,6277.581,12550453200,sh000852,78786486549709.2
2021-03-18,6276.796,6322.455,6268.856,6298.886,12760111600,sh000852,80374488315677.61
2021-03-19,6230.074,6307.224,6208.758,6250.815,12529013800,sh000852,78316547396247.0
2021-03-22,6256.524,6359.667,6253.622,6359.6,13609673900,sh000852,86552082134440.0
2021-03-23,6364.818,6372.664,6259.802,6289.001,14830455300,sh000852,93268748212155.3
2021-03-24,6249.232,6286.855,6183.201,6196.267,13798497600,sh000852,85499175328459.2
2021-03-25,6172.396,6233.693,6130.249,6190.712,12539292800,sh000852,77627150408473.61
2021-03-26,6198.532,6309.587,6198.532,6301.341,12464182200,sh000852,78541062328330.2
2021-03-29,6323.941,6364.541,6309.771,6326.609,12644983900,sh000852,79999868946595.11
2021-03-30,6313.484,6316.824,6268.249,6301.585,12703021000,sh000852,80049166588285.0
2021-03-31,6289.604,6298.788,6252.401,6293.392,10981059600,sh000852,69108112638163.195
2021-04-01,6302.561,6341.243,6286.058,6335.791,11095929700,sh000852,70301491529892.7
2021-04-02,6354.707,6383.463,6337.983,6361.252,11518962400,sh000852,73275022604924.81
2021-04-06,6376.722,6425.39,6374.725,6421.487,11288252700,sh000852,72487367965764.9
2021-04-07,6419.992,6422.769,6372.252,6422.762,12513473000,sh000852,80371058872426.0
2021-04-08,6411.03,6435.357,6387.913,6404.128,13674180900,sh000852,87571204778755.2
2021-04-09,6399.147,6410.534,6378.273,6399.522,12269098100,sh000852,78516363211108.2
2021-04-12,6398.512,6402.333,6251.49,6263.399,13205254500,sh000852,82709777830045.5
2021-04-13,6252.711,6282.966,6216.186,6231.139,12286997900,sh000852,76561991807608.1
2021-04-14,6227.254,6320.573,6225.555,6320.067,11691981300,sh000852,73894105178747.1
2021-04-15,6304.738,6304.79,6258.951,6296.608,11874239700,sh000852,74767432688937.61
2021-04-16,6295.531,6379.968,6295.531,6368.846,13526666200,sh000852,86149253921205.19
2021-04-19,6368.865,6477.407,6357.495,6477.388,14364291300,sh000852,93043088095124.4
2021-04-20,6460.521,6506.88,6450.39,6457.629,13972047800,sh000852,90226301062666.2
2021-04-21,6425.337,6470.937,6408.042,6457.715,11947708400,sh000852,77154895750306.0
2021-04-22,6470.464,6496.444,6463.14,6485.211,11854616700,sh000852,76879690623623.7
2021-04-23,6478.932,6478.932,6425.663,6453.303,12166910700,sh000852,78516761321042.1
2021-04-26,6467.876,6527.327,6427.758,6431.089,13340611100,sh000852,85794657298487.9
2021-04-27,6423.788,6429.857,6338.127,6400.905,12131435600,sh000852,77652166789218.0
2021-04-28,6395.024,6437.265,6366.015,6437.247,12191802800,sh000852,78481645998891.61
2021-04-29,6419.045,6441.848,6394.373,6405.103,12092734700,sh000852,77455211305174.1
2021-04-30,6389.171,6397.265,6348.795,6382.136,13002767600,sh000852,82985431199593.61
2021-05-06,6385.319,6420.416,6347.985,6398.437,12928360100,sh000852,82721297613163.7
2021-05-07,6403.98,6409.346,6320.075,6320.253,15312525500,sh000852,96779035228951.5
2021-05-10,6330.155,6351.419,6300.861,6338.574,15051568500,sh000852,95405480753319.0
2021-05-11,6303.577,6354.236,6239.263,6343.863,14945482300,sh000852,94812092180124.9
2021-05-12,6321.977,6420.338,6311.909,6420.337,13885037300,sh000852,89146618723570.11
2021-05-13,6365.004,6432.628,6354.227,6375.015,15300173900,sh000852,97538838115108.5
2021-05-14,6395.509,6462.498,6374.869,6462.476,15266433600,sh000852,98658960745593.6
2021-05-17,6456.916,6496.376,6438.869,6457.277,14615663700,sh000852,94377389049744.9
2021-05-18,6451.07,6486.915,6431.238,6486.822,12904832600,sh000852,83711352015997.2
2021-05-19,6470.292,6500.12,6455.823,6488.949,13300842700,sh000852,86308489937322.3
2021-05-20,6455.724,6505.518,6445.969,6482.836,14294658000,sh000852,92669923490088.0
2021-05-21,6492.846,6509.369,6468.449,6480.374,13096837500,sh000852,84872405217225.0
2021-05-24,6480.553,6537.86,6471.217,6537.857,13810949800,sh000852,90294014826578.6
2021-05-25,6542.68,6617.432,6532.899,6615.714,14912761800,sh000852,98658567018925.2
2021-05-26,6618.181,6666.212,6609.914,6644.751,15571693600,sh000852,103470026620293.61
2021-05-27,6636.768,6706.379,6630.025,6705.045,15446532300,sh000852,103569694165453.5
2021-05-28,6709.888,6735.55,6669.919,6694.346,16867248200,sh000852,112915195518677.19
2021-05-31,6712.748,6814.364,6712.748,6814.363,16189175500,sh000852,110318918527706.5
2021-06-01,6810.471,6854.747,6782.659,6854.734,17271179400,sh000852,118389340653279.61
2021-06-02,6844.851,6852.642,6742.028,6759.459,17155376500,sh000852,115961064081313.5
2021-06-03,6754.779,6824.984,6729.559,6754.07,16304712300,sh000852,110123168204061.0
2021-06-04,6725.817,6803.777,6718.762,6785.804,15960557800,sh000852,108305216961471.2
2021-06-07,6811.037,6861.852,6807.932,6861.85,15887154900,sh000852,109015273850565.0
2021-06-08,6865.757,6886.941,6779.927,6809.864,16777735700,sh000852,114254098344944.8
2021-06-09,6807.481,6834.037,6783.005,6823.407,15906720200,sh000852,108538025959721.4
2021-06-10,6817.585,6903.878,6808.664,6898.206,17811669900,sh000852,122868568174199.4
2021-06-11,6907.831,6907.949,6852.973,6852.973,19023079900,sh000852,130364652931542.7
2021-06-15,6854.805,6866.181,6796.879,6815.119,16377857000,sh000852,111617044419983.0
2021-06-16,6808.634,6810.198,6668.04,6673.245,15608627600,sh000852,104160196088562.0
2021-06-17,6669.665,6790.712,6669.665,6787.668,14847683800,sh000852,100781148203378.39
2021-06-18,6783.995,6869.259,6765.957,6863.716,15795893900,sh000852,108418529695732.4
2021-06-21,6844.344,6970.639,6833.358,6968.296,15786900400,sh000852,110007794909718.4
2021-06-22,6987.513,7010.617,6947.869,7000.252,16833405500,sh000852,117838080518186.0
2021-06-23,6997.406,7060.401,6978.768,7046.175,16264950200,sh000852,114605685475485.0
2021-06-24,7045.05,7045.05,6969.546,6974.642,16206296200,sh000852,113033114140960.39
2021-06-25,6975.488,7016.079,6947.122,7000.43,16377403200,sh000852,114648864683376.0
2021-06-28,7007.426,7081.047,7005.93,7063.471,15211385000,sh000852,107445176817335.0
2021-06-29,7068.402,7082.07,6999.745,7004.304,15595003400,sh000852,109232144694633.6
2021-06-30,7011.176,7083.989,7004.754,7083.7,14862029400,sh000852,105278157660780.0
2021-07-01,7094.19,7099.132,6969.532,6969.532,15517016400,sh000852,108146342344324.8
2021-07-02,6947.446,6960.481,6891.474,6908.932,14422853300,sh000852,99646512695675.6
2021-07-05,6930.265,7006.724,6930.265,7006.7,15076286500,sh000852,105635016619550.0
2021-07-06,7013.989,7045.193,6885.095,6979.062,16213548500,sh000852,113155360221507.0
2021-07-07,6932.941,7093.046,6913.505,7089.665,15367139300,sh000852,108947869645334.5
2021-07-08,7102.667,7138.757,7082.389,7099.411,17404069600,sh000852,123558643163005.6
2021-07-09,7064.992,7165.877,7000.592,7142.899,16940141200,sh000852,121001717637338.81
2021-07-12,7184.088,7301.099,7171.045,7284.235,19246558700,sh000852,140196456512094.5
2021-07-13,7285.959,7331.726,7263.16,7331.726,19209422800,sh000852,140838224587752.78
2021-07-14,7301.611,7338.307,7240.977,7243.816,18869351800,sh000852,136686112478468.8
2021-07-15,7218.343,7250.028,7103.967,7241.623,18187351100,sh000852,131705940034835.3
2021-07-16,7230.846,7311.448,7214.037,7228.363,18277069600,sh000852,132113293645064.81
2021-07-19,7213.629,7259.027,7174.112,7205.268,17703027200,sh000852,127555055387289.6
2021-07-20,7145.544,7253.37,7137.888,7253.276,16314612100,sh000852,118334384394239.6
2021-07-21,7285.41,7416.474,7285.41,7398.808,19046887700,sh000852,140924265089861.6
2021-07-22,7405.649,7447.028,7349.129,7446.481,20372864900,sh000852,151706151393416.9
2021-07-23,7442.623,7473.138,7348.315,7379.791,21922125300,sh000852,161780702989812.3
2021-07-26,7368.133,7395.274,7140.73,7286.148,21285793600,sh000852,155091442467052.8
2021-07-27,7298.333,7373.095,7093.863,7093.87,22192671900,sh000852,157431929411253.0
2021-07-28,7019.048,7058.514,6750.585,6945.509,19727606100,sh000852,137018265716004.9
2021-07-29,7057.877,7226.5,7057.877,7207.483,18269223000,sh000852,131675114195709.0
2021-07-30,7209.038,7279.062,7155.224,7262.383,20291730600,sh000852,147366319350019.78
2021-08-02,7264.373,7402.397,7248.892,7402.354,21330014600,sh000852,157892318894368.4
2021-08-03,7375.224,7419.345,7284.178,7308.955,20947082600,sh000852,153101284104683.0
2021-08-04,7295.571,7478.207,7295.451,7478.207,18633411800,sh000852,139344510556642.61
2021-08-05,7454.28,7494.331,7402.385,7447.939,19883115300,sh000852,148088229884366.72
2021-08-06,7462.856,7490.98,7419.728,7482.174,18601512400,sh000852,139179752439957.6
2021-08-09,7459.349,7509.328,7386.314,7507.082,18110888000,sh000852,135959921308816.0
2021-08-10,7489.156,7566.731,7467.056,7549.552,18904852800,sh000852,142723169265945.6
2021-08-11,7538.821,7611.645,7498.579,7605.918,19635039200,sh000852,149342498081985.6
2021-08-12,7595.264,7677.743,7588.736,7657.527,21025048300,sh000852,160999875033554.1
2021-08-13,7635.492,7724.437,7605.857,7641.917,20800653000,sh000852,158956863771801.0
2021-08-16,7628.158,7633.658,7546.538,7568.137,20156954500,sh000852,152550593158766.5
2021-08-17,7559.297,7578.431,7338.025,7360.033,20742680500,sh000852,152666812988456.5
2021-08-18,7352.969,7454.027,7338.818,7405.486,17894054600,sh000852,132514170823535.6
2021-08-19,7387.442,7511.19,7330.601,7468.773,18289032200,sh000852,136596629891490.61
2021-08-20,7438.695,7505.555,7354.169,7467.361,17682235200,sh000852,132039633525307.2
2021-08-23,7501.411,7668.887,7501.411,7652.559,20149165700,sh000852,154192679320026.3
2021-08-24,7654.189,7737.597,7614.942,7715.073,21265851000,sh000852,164067592872123.0
2021-08-25,7707.093,7769.705,7664.286,7769.627,20639831400,sh000852,160363791320887.8
2021-08-26,7754.682,7771.854,7662.384,7669.528,22822141200,sh000852,175035050953353.6
2021-08-27,7634.927,7686.336,7584.279,7680.078,21289123400,sh000852,163502128263625.22
2021-08-30,7701.42,7792.517,7687.146,7727.745,23684182800,sh000852,183025325211786.0
2021-08-31,7714.171,7728.422,7636.773,7728.422,23545550100,sh000852,181969947394942.2
2021-09-01,7738.268,7743.179,7495.764,7606.874,26772353700,sh000852,203653921279333.78
2021-09-02,7572.047,7703.724,7568.065,7690.859,22608652600,sh000852,173879959326583.4
2021-09-03,7696.464,7766.465,7561.229,7630.841,26704451400,sh000852,203777422625627.4
2021-09-06,7625.744,7735.552,7552.948,7735.1,22795410000,sh000852,176324775891000.0
2021-09-07,7735.221,7881.869,7718.593,7878.349,22855960700,sh000852,180067235124884.3
2021-09-08,7886.269,7911.018,7854.888,7894.252,25432178800,sh000852,200768028356257.62
2021-09-09,7888.826,7922.412,7835.151,7900.238,23820173400,sh000852,188185039061269.22
2021-09-10,7897.331,7954.482,7832.96,7932.651,24001630100,sh000852,190396555014395.1
2021-09-13,7941.209,7955.983,7874.998,7947.481,23068519600,sh000852,183336621219127.6
2021-09-14,7927.895,8042.516,7895.182,7916.896,24322555400,sh000852,192559141556038.4
2021-09-15,7900.693,7988.37,7862.311,7972.233,21345391600,sh000852,170170435311442.8
2021-09-16,7974.083,7993.222,7749.658,7754.947,23666655100,sh000852,183533655967779.7
2021-09-17,7740.559,7786.186,7575.079,7730.224,21423803200,sh000852,165610797667916.8
2021-09-22,7640.472,7774.505,7633.279,7769.06,18273391500,sh000852,141967074966990.0
2021-09-23,7818.726,7850.241,7792.592,7806.802,21240013500,sh000852,165816579871827.0
2021-09-24,7799.925,7806.815,7685.106,7695.618,20646340900,sh000852,158886352664176.22
2021-09-27,7717.103,7733.209,7399.813,7467.818,21318364600,sh000852,159201666890442.8
2021-09-28,7428.405,7496.328,7409.371,7468.733,15806485000,sh000852,118054416133505.0
2021-09-29,7409.961,7413.798,7199.111,7199.179,17255014500,sh000852,124221938033095.5
2021-09-30,7237.539,7411.283,7237.539,7405.462,14644223300,sh000852,108447239167664.61
2021-10-08,7501.241,7514.244,7382.015,7425.669,15946033700,sh000852,118409968119045.3
2021-10-11,7441.624,7442.35,7346.859,7384.844,15060122100,sh000852,111216652329452.4
2021-10-12,7366.162,7376.726,7125.535,7208.473,15664367700,sh000852,112916171627522.1
2021-10-13,7213.005,7297.298,7147.012,7289.363,13119152300,sh000852,95630263366984.9
2021-10-14,7276.508,7362.463,7256.984,7342.254,12893072500,sh000852,94664213135415.0
2021-10-15,7321.579,7374.335,7288.28,7350.413,14533493700,sh000852,106827181027898.1
2021-10-18,7344.573,7429.626,7322.697,7429.626,14494820400,sh000852,107691094509170.4
2021-10-19,7420.476,7506.093,7408.122,7504.055,15240811700,sh000852,114367889241443.5
2021-10-20,7467.339,7560.848,7456.812,7523.561,15574373400,sh000852,117174748311677.39
2021-10-21,7520.928,7548.819,7481.439,7503.534,15874247800,sh000852,119112958091725.19
2021-10-22,7506.872,7530.577,7436.145,7438.481,16765695800,sh000852,124711309660079.8
2021-10-25,7438.427,7532.373,7417.199,7532.373,15047217500,sh000852,113341254822127.5
2021-10-26,7547.751,7583.126,7492.392,7508.689,16142746300,sh000852,121210861572600.7
2021-10-27,7490.689,7501.54,7408.578,7433.546,16208633200,sh000852,120487620489327.2
2021-10-28,7395.488,7422.098,7253.105,7267.851,16592507800,sh000852,120591874406737.8
2021-10-29,7276.512,7385.413,7234.499,7385.305,15853455000,sh000852,117082600478775.0
2021-11-01,7374.451,7488.479,7357.673,7455.611,17203325300,sh000852,128261301343258.3
2021-11-02,7462.132,7501.965,7301.65,7368.6,18751341600,sh000852,138171135713760.0
2021-11-03,7362.116,7391.054,7312.253,7385.199,14561900800,sh000852,107542535226259.19
2021-11-04,7402.66,7483.692,7402.66,7483.692,16171792700,sh000852,121024715654648.4
2021-11-05,7476.138,7488.119,7388.2,7389.587,18167756600,sh000852,134252217990524.2
2021-11-08,7376.708,7423.006,7351.505,7422.907,15205165100,sh000852,112866526456945.7
2021-11-09,7443.453,7532.252,7435.514,7531.958,15557024400,sh000852,117174854385775.19
2021-11-10,7516.004,7535.243,7425.227,7535.228,16680926800,sh000852,125694586689310.4
2021-11-11,7524.163,7601.199,7515.714,7593.732,17115319400,sh000852,129969148618000.8
2021-11-12,7593.452,7705.053,7593.452,7697.808,17374679000,sh000852,133746943003632.0
2021-11-15,7713.851,7727.02,7653.71,7676.485,18955364900,sh000852,145510574324376.5
2021-11-16,7659.018,7691.645,7579.68,7589.181,17701306500,sh000852,134338418964976.5
2021-11-17,7603.329,7725.092,7603.329,7725.092,17482428800,sh000852,135053370863449.6
2021-11-18,7724.034,7765.743,7686.138,7714.797,19850444800,sh000852,153142151991705.6
2021-11-19,7709.313,7806.028,7705.838,7803.763,18800112600,sh000852,146711623103713.8
2021-11-22,7822.961,7948.021,7822.961,7947.372,19040027000,sh000852,151318177459044.0
2021-11-23,7950.249,7974.509,7933.201,7941.559,19342204500,sh000852,153607258226815.5
2021-11-24,7939.591,7971.445,7917.676,7938.774,18860567800,sh000852,149729785275877.22
2021-11-25,7937.396,7959.841,7919.658,7925.76,17583815700,sh000852,139365103122432.0
2021-11-26,7912.894,7954.787,7906.349,7940.789,17391684700,sh000852,138103698557228.3
2021-11-29,7837.391,7999.935,7828.924,7999.833,17645340900,sh000852,141159780428069.7
2021-11-30,8037.255,8082.897,7991.186,8054.29,19756264300,sh000852,159122681988847.0
2021-12-01,8050.887,8068.38,8000.806,8055.821,18907493000,sh000852,152315379166753.0
2021-12-02,8045.73,8046.245,7964.741,7968.235,18467244800,sh000852,147151346368928.0
2021-12-03,7973.62,8034.687,7952.374,8023.963,17906301600,sh000852,143679501505240.78
2021-12-06,8018.458,8029.827,7899.915,7906.756,19152032800,sh000852,151430450253596.8
2021-12-07,7937.227,7948.17,7713.923,7781.442,18238999500,sh000852,141925716747279.0
2021-12-08,7806.382,7922.552,7803.444,7922.552,16130705000,sh000852,127796349159160.0
2021-12-09,7924.526,7948.031,7903.68,7931.757,18125222100,sh000852,143764857268229.7
2021-12-10,7898.64,7964.352,7886.135,7949.125,17346576300,sh000852,137890103330737.5
2021-12-13,7963.482,8000.111,7936.622,7984.899,18952205800,sh000852,151331449140214.22
2021-12-14,7969.6,7997.177,7952.75,7981.828,19321250900,sh000852,154218901428645.22
2021-12-15,7982.099,8019.296,7942.941,7955.581,20020703500,sh000852,159276328371233.5
2021-12-16,7966.5,8005.975,7959.179,8005.975,19486519800,sh000852,156008590355805.0
2021-12-17,7997.469,7997.469,7894.103,7894.103,20230367600,sh000852,159700605562262.8
2021-12-20,7873.669,7920.648,7747.36,7751.951,19900830200,sh000852,154270260569720.2
2021-12-21,7749.824,7849.033,7749.824,7849.033,19146057700,sh000852,150278038707204.1
2021-12-22,7868.299,7943.242,7854.357,7930.812,20594218500,sh000852,163328875210422.0
2021-12-23,7932.102,7947.125,7892.886,7932.662,20291062300,sh000852,160962138846842.6
2021-12-24,7940.378,7940.435,7771.418,7776.606,21213231600,sh000852,164966944139949.6
2021-12-27,7768.383,7833.581,7739.291,7776.431,17543192800,sh000852,136423428328896.8
2021-12-28,7794.026,7863.53,7783.098,7863.53,17074459800,sh000852,134265526871094.0
2021-12-29,7858.943,7886.714,7838.28,7855.429,17227311100,sh000852,135327919206961.9
2021-12-30,7863.175,7949.955,7861.54,7924.528,17854590400,sh000852,141489201553331.22
2021-12-31,7946.945,8016.404,7946.945,8010.324,18960290300,sh000852,151878068437057.2
2022-01-04,8045.096,8060.99,7948.914,7983.068,22595770600,sh000852,180383573212200.8
2022-01-05,7968.739,7968.918,7733.507,7781.678,21879149500,sh000852,170256496322861.0
2022-01-06,7743.862,7863.549,7721.778,7844.517,19273502800,sh000852,151191320364147.6
2022-01-07,7841.134,7867.49,7681.125,7682.697,21444128100,sh000852,164748738621485.7
2022-01-10,7669.045,7756.97,7624.934,7734.187,18311847400,sh000852,141627252107063.8
2022-01-11,7734.536,7768.744,7632.072,7646.693,18425667700,sh000852,140895424221916.1
2022-01-12,7691.845,7779.524,7682.552,7779.524,17902877000,sh000852,139275861290548.0
2022-01-13,7781.311,7781.311,7644.787,7644.787,19671881300,sh000852,150387342427783.1
2022-01-14,7611.291,7714.497,7590.194,7675.371,19543728600,sh000852,150005367728310.6
2022-01-17,7687.71,7815.656,7683.376,7808.086,19904867000,sh000852,155418913354562.0
2022-01-18,7808.99,7827.186,7743.719,7758.605,22194515200,sh000852,172198476603296.0
2022-01-19,7728.158,7745.811,7617.057,7665.185,18817084400,sh000852,144236433086614.0
2022-01-20,7664.12,7672.762,7488.859,7492.61,19987617500,sh000852,149759422756675.0
2022-01-21,7474.755,7493.021,7384.404,7388.744,17662856700,sh000852,130506326464984.8
2022-01-24,7346.386,7462.527,7332.998,7425.402,15441582700,sh000852,114659959063745.4
2022-01-25,7398.763,7440.545,7133.066,7133.066,17857699900,sh000852,127380151994893.39
2022-01-26,7158.567,7226.639,7071.471,7171.029,14307247500,sh000852,102597686732677.5
2022-01-27,7178.544,7191.484,6959.465,6960.11,14678637100,sh000852,102164928866081.0
2022-01-28,6996.768,7071.319,6861.474,6973.01,13898434400,sh000852,96913922055544.0
2022-02-07,7080.612,7102.42,7037.157,7061.62,14550630500,sh000852,102751023351410.0
2022-02-08,7058.247,7080.618,6928.902,7080.618,16090040200,sh000852,113927428260843.61
2022-02-09,7083.426,7212.751,7056.617,7211.43,17239973100,sh000852,124324859212533.0
2022-02-10,7208.568,7222.187,7126.069,7175.617,16578145400,sh000852,118958421960711.8
2022-02-11,7140.93,7151.235,7024.793,7033.851,16861516500,sh000852,118601394695041.5
2022-02-14,6991.633,7096.553,6961.301,7006.075,14721781200,sh000852,103141903220790.0
2022-02-15,7020.133,7125.096,6990.401,7124.849,14329760100,sh000852,102097376918724.9
2022-02-16,7164.229,7201.082,7132.081,7183.106,14718897200,sh000852,105727398790703.2
2022-02-17,7169.72,7265.03,7146.592,7220.607,16594406800,sh000852,119821689900927.6
2022-02-18,7174.587,7252.06,7164.268,7251.792,15609702700,sh000852,113198317162238.4
2022-02-21,7264.445,7334.91,7259.755,7334.591,16984784800,sh000852,124576449731016.81
2022-02-22,7310.657,7310.657,7212.273,7279.236,17950263400,sh000852,130664203550762.39
2022-02-23,7290.703,7450.4,7289.744,7450.4,18273048500,sh000852,136141520544400.0
2022-02-24,7414.466,7481.144,7174.784,7285.117,25572058500,sh000852,186295438103344.5
2022-02-25,7346.854,7435.401,7344.776,7361.957,17775700400,sh000852,130863941989682.81
2022-02-28,7370.432,7419.831,7291.076,7419.831,16740203000,sh000852,124209477165693.0
2022-03-01,7433.746,7454.902,7379.818,7429.443,16618706100,sh000852,123467729703702.3
2022-03-02,7400.947,7421.64,7341.833,7414.309,16020992100,sh000852,118784585915958.9
2022-03-03,7440.94,7446.47,7334.276,7342.614,18318194700,sh000852,134503432858945.8
2022-03-04,7299.996,7360.258,7219.641,7241.563,17843841900,sh000852,129217305280889.7
2022-03-07,7230.811,7230.811,7050.351,7085.732,16605177500,sh000852,117659837577430.0
2022-03-08,7089.512,7118.506,6824.033,6871.22,19196062700,sh000852,131900369945494.0
2022-03-09,6889.508,6925.551,6511.908,6796.039,21326191400,sh000852,144933628475864.6
2022-03-10,6946.576,7017.277,6914.891,6952.52,18535447100,sh000852,128868066671692.02
2022-03-11,6856.874,7001.602,6778.593,6990.778,18099318400,sh000852,126528316885715.2
2022-03-14,6938.224,6972.905,6800.595,6800.595,16266211800,sh000852,110619918636021.0
2022-03-15,6745.598,6790.244,6473.481,6473.481,19575081400,sh000852,126718917516353.39
2022-03-16,6586.823,6704.18,6330.405,6692.966,19755896700,sh000852,132225544912612.2
2022-03-17,6777.738,6934.493,6768.605,6818.545,20505438900,sh000852,139817257884400.5
2022-03-18,6792.324,6882.657,6773.457,6879.366,17389040500,sh000852,119625573988323.0
2022-03-21,6886.032,6983.521,6867.305,6954.406,17942838800,sh000852,124781785807752.8
2022-03-22,6938.97,6976.394,6893.648,6923.443,17845627100,sh000852,123553182026105.3
2022-03-23,6938.513,6989.722,6910.325,6966.953,17594221200,sh000852,122578112172003.61
2022-03-24,6934.125,6950.744,6847.172,6900.807,17591786500,sh000852,121397523421705.5
2022-03-25,6906.679,6939.872,6819.555,6819.813,17381859700,sh000852,118541032746236.11
2022-03-28,6772.444,6828.397,6692.909,6767.251,16839860900,sh000852,113959565515385.9
2022-03-29,6785.378,6808.878,6700.41,6725.677,16620169600,sh000852,111781892414819.19
2022-03-30,6750.005,6864.749,6734.073,6864.749,17132580300,sh000852,117610863481844.7
2022-03-31,6846.333,6846.333,6760.047,6772.065,19567908400,sh000852,132515147598845.98
2022-04-01,6723.259,6790.765,6688.701,6772.604,17153058600,sh000852,116170873286594.4
2022-04-06,6769.739,6769.739,6711.304,6764.288,17993276300,sh000852,121711702956774.39
2022-04-07,6736.336,6768.451,6623.586,6623.586,18843268400,sh000852,124810008768482.4
2022-04-08,6635.693,6644.764,6496.184,6575.283,19157407400,sh000852,125965375201294.2
2022-04-11,6544.292,6544.292,6297.391,6328.065,20420829200,sh000852,129224334531497.98
2022-04-12,6314.216,6414.501,6259.052,6414.419,19367685700,sh000852,124232451140108.3
2022-04-13,6381.783,6388.702,6286.251,6286.251,18443405000,sh000852,115939873124655.0
2022-04-14,6313.1,6388.556,6294.368,6359.708,17575473200,sh000852,111774877513825.6
2022-04-15,6328.231,6334.482,6229.409,6275.073,19000752100,sh000852,119231106482403.31
2022-04-18,6233.421,6339.106,6164.436,6326.025,15896483600,sh000852,100561552665690.0
2022-04-19,6324.419,6379.426,6304.252,6345.786,15094162800,sh000852,95784326977960.8
2022-04-20,6347.8,6351.636,6208.793,6234.251,16535743000,sh000852,103087972333493.0
2022-04-21,6206.176,6236.55,5966.025,5981.384,17345490600,sh000852,103750039946990.4
2022-04-22,5937.391,5965.413,5851.228,5891.808,14472919500,sh000852,85271662893456.0
2022-04-25,5776.18,5776.18,5431.608,5431.608,18316667300,sh000852,99488956640018.4
2022-04-26,5432.611,5483.028,5251.52,5266.552,17832332200,sh000852,93914904812574.39
2022-04-27,5192.505,5541.107,5164.749,5540.717,19292727100,sh000852,106895541019330.69
2022-04-28,5501.523,5578.617,5425.771,5493.908,16971405800,sh000852,93239342095866.4
2022-04-29,5534.173,5753.084,5517.723,5734.493,18666054900,sh000852,107040361161665.7
2022-05-05,5723.184,5884.379,5712.058,5836.928,16893297500,sh000852,98604961190080.0
2022-05-06,5690.141,5812.476,5665.93,5764.692,15419636300,sh000852,88889454021519.6
2022-05-09,5749.902,5857.709,5749.902,5840.89,13894347400,sh000852,81155354785186.0
2022-05-10,5761.847,5952.723,5746.716,5950.667,16963005400,sh000852,100941196454601.81
2022-05-11,5959.789,6147.858,5959.789,6003.028,20631109300,sh000852,123849126798960.4
2022-05-12,5971.209,6061.18,5964.829,6034.573,16680991900,sh000852,100662663332958.7
2022-05-13,6058.999,6079.159,6001.913,6071.667,15470886300,sh000852,93934069808462.11
2022-05-16,6110.994,6154.698,6057.325,6082.882,15881493700,sh000852,96605252160843.39
2022-05-17,6079.297,6120.844,6013.704,6118.457,16098087200,sh000852,98495454315450.4
2022-05-18,6124.378,6183.457,6103.625,6127.804,15180257000,sh000852,93021639565628.0
2022-05-19,6032.727,6180.186,6020.407,6180.186,16151231400,sh000852,99817614181040.39
2022-05-20,6203.914,6263.443,6176.127,6263.443,16785941700,sh000852,105137789039273.11
2022-05-23,6284.599,6345.001,6267.832,6343.467,16486654400,sh000852,104582548126804.8
2022-05-24,6343.886,6345.123,6081.642,6081.642,19839760000,sh000852,120658317685920.0
2022-05-25,6079.938,6188.269,6070.962,6188.269,16135372500,sh000852,99850025445202.5
2022-05-26,6195.211,6252.556,6095.754,6227.099,16844023500,sh000852,104889401892826.5
2022-05-27,6252.363,6283.723,6157.814,6210.094,17056578300,sh000852,105922954561360.2
2022-05-30,6231.635,6282.355,6171.736,6282.355,15920076000,sh000852,100015569058980.0
2022-05-31,6283.16,6356.554,6224.614,6353.347,17355118000,sh000852,110263086879946.0
2022-06-01,6332.393,6398.354,6316.582,6373.318,17299185200,sh000852,110253208420493.61
2022-06-02,6349.56,6449.975,6329.067,6442.934,16494743300,sh000852,106274542428842.2
2022-06-06,6449.546,6612.799,6449.241,6604.976,18317628200,sh000852,120987494637923.19
2022-06-07,6613.165,6631.325,6539.712,6597.835,18767937200,sh000852,123827752935962.0
2022-06-08,6594.916,6660.092,6474.226,6608.892,19632241500,sh000852,129747363791418.0
2022-06-09,6591.92,6591.92,6453.652,6490.375,17804143900,sh000852,115555570464962.5
2022-06-10,6446.807,6630.264,6438.803,6627.748,17692093600,sh000852,117258737973212.8
2022-06-13,6582.689,6683.914,6573.569,6674.804,20085724100,sh000852,134068271565576.4
2022-06-14,6607.116,6665.253,6460.433,6665.253,20722404500,sh000852,138120068760838.5
2022-06-15,6671.053,6759.376,6653.762,6653.762,22859663500,sh000852,152102760329087.0
2022-06-16,6651.2,6755.631,6651.2,6696.763,20419071000,sh000852,136741679167173.0
2022-06-17,6652.539,6782.49,6643.102,6774.738,19554498400,sh000852,132476603381419.2
2022-06-20,6787.341,6874.376,6783.619,6848.755,20285537800,sh000852,138930678435439.0
2022-06-21,6849.733,6854.921,6709.364,6779.145,19610562200,sh000852,132942844685319.02
2022-06-22,6781.866,6811.548,6688.392,6691.812,17949715700,sh000852,120116122917848.39
2022-06-23,6694.248,6845.455,6649.929,6845.455,19268003200,sh000852,131898248845456.0
2022-06-24,6865.358,6954.453,6862.464,6931.654,19953205300,sh000852,138308715330566.2
2022-06-27,6968.134,7012.121,6940.516,7002.934,20925864300,sh000852,146542446585856.22
2022-06-28,7001.257,7081.282,6956.295,7079.725,21470714400,sh000852,152006753505540.0
2022-06-29,7061.792,7075.517,6900.993,6900.993,22928002500,sh000852,158225984756482.5
2022-06-30,6909.739,7032.67,6909.739,6995.53,19246161000,sh000852,134637096660330.0
2022-07-01,6999.677,7039.85,6967.484,6994.501,17805449400,sh000852,124540233633749.4
2022-07-04,6985.053,7076.322,6928.401,7076.322,18118035700,sh000852,128209054620695.4
2022-07-05,7081.902,7098.573,6950.237,7036.002,20439861000,sh000852,143814902875722.0
2022-07-06,7014.451,7041.872,6890.927,6953.98,18211458500,sh000852,126642118179829.98
2022-07-07,6955.532,7053.451,6910.087,7041.867,17030424200,sh000852,119925982169981.4
2022-07-08,7067.033,7084.897,6990.741,7000.785,17451569000,sh000852,122174682481665.0
2022-07-11,6976.096,6976.096,6830.47,6893.635,17454946200,sh000852,120328028047437.0
2022-07-12,6891.579,6911.804,6779.555,6779.555,16805720000,sh000852,113935303054600.0
2022-07-13,6780.612,6855.068,6737.876,6834.902,16726815300,sh000852,114326143347600.6
2022-07-14,6823.093,6954.914,6809.102,6920.874,18406491500,sh000852,127389008453571.0
2022-07-15,6889.81,6966.044,6852.816,6852.816,19862573500,sh000852,136114561481976.0
2022-07-18,6868.299,6953.932,6839.132,6953.932,18204798500,sh000852,126594930842702.0
2022-07-19,6956.863,7033.25,6932.737,7009.324,18224049200,sh000852,127738265434740.8
2022-07-20,7028.792,7110.104,7019.513,7110.104,18153371900,sh000852,129072362159677.61
2022-07-21,7098.27,7134.218,7067.147,7075.294,19676974000,sh000852,139220376080356.0
2022-07-22,7081.563,7124.304,6969.431,7034.598,17303097300,sh000852,121720333660385.4
2022-07-25,7037.755,7068.341,6933.819,6948.909,16239084400,sh000852,112843919738919.6
2022-07-26,6949.19,7031.112,6901.932,7027.419,14721844500,sh000852,103456569754345.5
2022-07-27,7018.224,7109.539,7005.07,7099.434,15226912800,sh000852,108102462447355.2
2022-07-28,7138.316,7196.731,7112.744,7150.198,18035430500,sh000852,128956899090239.0
2022-07-29,7152.325,7179.471,7105.335,7117.434,17684117900,sh000852,125865542001468.61
2022-08-01,7100.712,7180.454,7055.607,7180.454,16280303200,sh000852,116899968233652.8
2022-08-02,7098.183,7098.183,6872.754,6957.982,22308828700,sh000852,155224428535683.4
2022-08-03,6968.292,7079.854,6893.524,6916.67,19904630100,sh000852,137673757873767.0
2022-08-04,6953.983,6977.392,6853.696,6960.312,15789606500,sh000852,109900587597228.0
2022-08-05,6975.89,7096.435,6961.646,7090.003,17084849600,sh000852,121131634918548.8
2022-08-08,7082.536,7176.484,7062.367,7176.105,15856130500,sh000852,113785257361702.5
2022-08-09,7168.96,7207.396,7131.336,7207.396,16291287800,sh000852,117417762524568.8
2022-08-10,7183.182,7231.432,7169.88,7212.075,15963661800,sh000852,115131126176235.0
2022-08-11,7241.732,7295.892,7212.4,7294.486,17950620700,sh000852,130940551387460.2
2022-08-12,7287.651,7311.894,7228.342,7228.835,18128890500,sh000852,131050758157567.5
2022-08-15,7218.091,7296.337,7215.204,7283.5,16908259700,sh000852,123151309524950.0
2022-08-16,7290.241,7356.11,7280.923,7324.62,18367482000,sh000852,134534826006840.0
2022-08-17,7330.482,7342.696,7280.574,7328.674,18361214000,sh000852,134563351650236.0
2022-08-18,7315.41,7358.707,7298.93,7351.437,17637769200,sh000852,129662949094340.39
2022-08-19,7353.434,7369.731,7234.405,7234.405,19077446600,sh000852,138013975070273.0
2022-08-22,7214.481,7289.309,7170.204,7288.577,17266760300,sh000852,125850111987093.11
2022-08-23,7275.383,7310.13,7267.786,7306.021,17106706900,sh000852,124981959852244.89
2022-08-24,7312.554,7315.101,7029.878,7039.41,20752160200,sh000852,146082964033482.0
2022-08-25,7065.336,7080.725,6930.839,7016.306,17435131200,sh000852,122330215649347.19
2022-08-26,7032.655,7103.834,6966.066,6980.18,16172503600,sh000852,112886986178648.0
2022-08-29,6884.73,7022.794,6858.431,7021.315,15357144500,sh000852,107827349035017.5
2022-08-30,7018.723,7025.464,6943.144,6976.722,15383292500,sh000852,107324955217185.0
2022-08-31,6954.509,6966.992,6738.524,6750.743,16655993000,sh000852,112440328152799.0
2022-09-01,6757.006,6819.617,6698.838,6717.1,13682129000,sh000852,91904228705900.0
2022-09-02,6731.673,6801.35,6695.104,6776.827,12855538300,sh000852,87119759050974.11
2022-09-05,6774.193,6831.221,6739.135,6791.092,13191103900,sh000852,89582000166458.8
2022-09-06,6808.874,6919.646,6780.437,6919.646,14434432500,sh000852,99881163110895.0
2022-09-07,6894.714,6989.755,6882.595,6963.52,14299835000,sh000852,99577187019200.0
2022-09-08,6965.562,6975.132,6889.863,6897.1,13301460300,sh000852,91741501835130.0
2022-09-09,6908.713,6918.204,6848.27,6913.579,13094077700,sh000852,90526940611088.3
2022-09-13,6935.591,6957.353,6886.361,6904.078,12598258300,sh000852,86979357967347.4
2022-09-14,6800.927,6851.094,6783.188,6829.558,12130940700,sh000852,82848963105210.6
2022-09-15,6859.249,6866.554,6543.199,6619.189,16063456200,sh000852,106327052581021.81
2022-09-16,6599.27,6632.56,6480.097,6481.244,13570416900,sh000852,87953183110623.6
2022-09-19,6468.395,6504.752,6364.073,6399.801,10793418100,sh000852,69075727949798.1
2022-09-20,6441.096,6536.424,6436.761,6482.131,9989803400,sh000852,64755214303045.41
2022-09-21,6461.249,6506.062,6378.634,6480.602,10560009300,sh000852,68435217389598.6
2022-09-22,6438.286,6554.299,6429.495,6487.275,10514698800,sh000852,68211742657770.0
2022-09-23,6486.786,6504.033,6306.962,6363.684,11196568500,sh000852,71251423818354.0
2022-09-26,6318.299,6404.015,6274.339,6283.593,11045349300,sh000852,69404479544034.9
2022-09-27,6302.888,6409.776,6287.775,6409.776,10603349400,sh000852,67965094503734.4
2022-09-28,6397.837,6401.841,6211.109,6211.109,10496007700,sh000852,65191847889539.305
2022-09-29,6270.906,6307.782,6192.772,6228.779,10573074400,sh000852,65857343788157.6
2022-09-30,6221.831,6241.959,6123.988,6124.864,9256460000,sh000852,56694558621439.99
2022-10-10,6136.712,6154.063,5964.621,5984.501,10244813700,sh000852,61310097832463.7
2022-10-11,5994.763,6044.285,5939.068,6017.719,9423800100,sh000852,56709780913971.9
2022-10-12,6017.675,6192.653,5918.021,6192.653,12005305300,sh000852,74344689881960.9
2022-10-13,6162.705,6311.506,6146.404,6252.223,12870090600,sh000852,80466676461403.8
2022-10-14,6296.351,6427.469,6286.672,6406.457,14180202600,sh000852,90844858208188.2
2022-10-17,6380.207,6476.398,6370.148,6472.451,13244462800,sh000852,85724136494322.8
2022-10-18,6490.597,6551.796,6447.778,6508.504,12992094600,sh000852,84559099672478.4
2022-10-19,6492.6,6533.566,6460.7,6461.146,12464738100,sh000852,80536492715862.6
2022-10-20,6431.986,6525.799,6342.154,6429.704,13352498600,sh000852,85852613658414.39
2022-10-21,6433.327,6469.094,6387.766,6432.326,11987978100,sh000852,77110583220060.6
2022-10-24,6448.866,6554.369,6335.073,6378.432,14135712600,sh000852,90163681590643.2
2022-10-25,6346.153,6411.166,6248.839,6355.778,12932141000,sh000852,82193817260698.0
2022-10-26,6358.06,6548.618,6348.99,6491.692,15066389200,sh000852,97806358238526.4
2022-10-27,6497.52,6544.417,6459.923,6461.61,14677382200,sh000852,94839519597342.0
2022-10-28,6412.613,6446.605,6216.274,6239.932,15612049500,sh000852,97418127260634.0
2022-10-31,6201.747,6349.118,6201.283,6292.619,14587478800,sh000852,91793446258977.2
2022-11-01,6299.026,6440.916,6277.616,6439.822,15226299000,sh000852,98054655278778.0
2022-11-02,6434.95,6557.01,6424.66,6524.514,16256856300,sh000852,106068086525338.2
2022-11-03,6467.227,6576.372,6461.296,6566.841,14151370400,sh000852,92929799348906.4
2022-11-04,6569.185,6719.513,6568.782,6709.645,16506243400,sh000852,110751033497593.0
2022-11-07,6713.731,6749.756,6660.979,6713.638,16025494700,sh000852,107589370186718.6
2022-11-08,6707.013,6708.08,6647.442,6694.956,13547178700,sh000852,90697765320637.2
2022-11-09,6694.404,6736.671,6664.371,6676.008,12656456500,sh000852,84494604845652.0
2022-11-10,6638.516,6663.113,6583.865,6603.309,14213764500,sh000852,93857879046730.5
2022-11-11,6749.067,6776.742,6641.763,6643.482,19164896600,sh000852,127321645593961.2
2022-11-14,6639.023,6688.006,6570.491,6599.666,17430398500,sh000852,115034808346901.0
2022-11-15,6593.628,6752.513,6576.875,6752.513,17093916000,sh000852,115426890010908.0
2022-11-16,6749.959,6775.382,6687.317,6702.041,15502116300,sh000852,103895819029368.3
2022-11-17,6685.943,6714.504,6629.897,6714.504,15919125300,sh000852,106889030503351.2
2022-11-18,6711.894,6752.837,6650.742,6658.401,16810522100,sh000852,111931197161162.1
2022-11-21,6622.603,6689.325,6585.279,6689.325,13715526500,sh000852,91747614304612.5
2022-11-22,6682.053,6692.24,6556.336,6583.233,15085322600,sh000852,99310193555965.8
2022-11-23,6572.165,6592.305,6451.955,6567.993,14436622800,sh000852,94819637494040.4
2022-11-24,6573.472,6611.795,6553.956,6586.858,12619733200,sh000852,83124390586285.61
2022-11-25,6573.019,6573.019,6508.516,6512.162,12457939600,sh000852,81128120861415.2
2022-11-28,6426.931,6494.981,6412.032,6492.712,12988178000,sh000852,84328499158736.0
2022-11-29,6505.896,6607.457,6505.896,6594.323,15744830100,sh000852,103826495259522.31
2022-11-30,6591.678,6619.27,6561.275,6590.307,15540313600,sh000852,102415437500275.2
2022-12-01,6645.467,6691.509,6639.632,6658.427,16215067800,sh000852,107966845246350.6
2022-12-02,6644.442,6721.691,6637.16,6680.542,14942402800,sh000852,99823349486317.61
2022-12-05,6710.725,6723.566,6675.602,6714.367,17891502500,sh000852,120130113966417.5
2022-12-06,6690.92,6731.066,6667.002,6703.552,15481011400,sh000852,103777764932492.8
2022-12-07,6684.608,6732.258,6677.52,6705.287,15598928100,sh000852,104595289802864.7
2022-12-08,6694.844,6699.297,6648.347,6662.344,14861163200,sh000852,99010181478540.8
2022-12-09,6661.899,6684.149,6626.936,6680.375,16034916400,sh000852,107119254645650.0
2022-12-12,6669.166,6680.611,6626.873,6655.674,15365306800,sh000852,102266472970783.2
2022-12-13,6654.67,6654.749,6586.868,6593.668,14969272300,sh000852,98702411747796.39
2022-12-14,6600.407,6626.699,6556.808,6570.018,13966493100,sh000852,91760111063875.8
2022-12-15,6557.904,6605.703,6544.999,6597.551,12885054400,sh000852,85009803541774.4
2022-12-16,6569.057,6581.934,6504.054,6519.436,13443484900,sh000852,87643939422516.39
2022-12-19,6518.382,6537.135,6367.446,6390.77,13548597200,sh000852,86585968527844.0
2022-12-20,6380.215,6389.054,6321.141,6341.583,11000860600,sh000852,69762870566329.8
2022-12-21,6341.215,6344.655,6255.349,6289.136,10272973500,sh000852,64608127465896.01
2022-12-22,6314.553,6319.574,6171.18,6186.928,11324545600,sh000852,70064148259916.8
2022-12-23,6154.659,6197.238,6120.944,6160.745,9709472900,sh000852,59817586621310.5
2022-12-26,6161.937,6276.111,6161.937,6275.524,10003121000,sh000852,62774825910404.0
2022-12-27,6288.607,6328.359,6256.042,6325.628,10927050000,sh000852,69120453437400.0
2022-12-28,6304.59,6306.949,6251.302,6268.466,10526387400,sh000852,65984301519728.41
2022-12-29,6253.795,6322.246,6245.229,6261.829,10238221100,sh000852,64109989792391.9
2022-12-30,6283.5,6296.244,6262.6,6281.621,9714649600,sh000852,61023746935001.6
2023-01-03,6286.814,6433.786,6275.688,6423.701,13318168000,sh000852,85551929099768.0
2023-01-04,6423.43,6445.619,6385.003,6421.277,13104009300,sh000852,84144473525876.1
2023-01-05,6427.455,6489.989,6413.75,6485.469,12166152600,sh000852,78903205536569.4
2023-01-06,6482.883,6539.759,6478.626,6500.32,12938399700,sh000852,84103738337904.0
2023-01-09,6523.137,6559.461,6517.575,6535.749,12204787100,sh000852,79767425084037.89
2023-01-10,6541.82,6546.542,6505.098,6540.201,11162812100,sh000852,73007034859232.1
2023-01-11,6544.567,6562.351,6480.945,6486.905,11288294200,sh000852,73226092087451.0
2023-01-12,6495.16,6529.813,6469.477,6489.57,10493747000,sh000852,68099905718790.0
2023-01-13,6505.237,6517.513,6475.657,6517.513,11076193600,sh000852,72189235778516.8
2023-01-16,6521.454,6628.73,6521.454,6591.806,14107088800,sh000852,92991192594372.8
2023-01-17,6600.251,6622.318,6573.282,6597.495,10842111100,sh000852,71530773771694.5
2023-01-18,6613.742,6635.855,6593.372,6613.005,10583467400,sh000852,69988522833537.0
2023-01-19,6605.448,6678.179,6590.419,6676.08,10758956000,sh000852,71827650972480.0
2023-01-20,6690.143,6740.13,6690.143,6736.852,12276268200,sh000852,82703401975706.39
2023-01-30,6815.139,6839.843,6780.373,6786.453,17076933200,sh000852,115891804545939.61
2023-01-31,6763.399,6820.142,6758.902,6805.276,14771234600,sh000852,100522328313749.6
2023-02-01,6815.057,6916.726,6812.786,6916.72,16965166100,sh000852,117343303667192.0
2023-02-02,6926.579,6969.788,6908.697,6933.226,16713398600,sh000852,115877769721883.6
2023-02-03,6922.79,6934.325,6829.399,6925.076,15755888000,sh000852,109110721847488.0
2023-02-06,6902.492,6928.281,6853.911,6891.413,14605902700,sh000852,100655307743515.1
2023-02-07,6900.232,6924.419,6864.206,6924.321,15010875200,sh000852,103940118375739.2
2023-02-08,6927.33,6932.991,6873.599,6877.725,13851073100,sh000852,95263871736697.5
2023-02-09,6864.027,6999.182,6850.569,6999.182,14914769700,sh000852,104391187618385.39
2023-02-10,6991.234,7015.249,6926.483,6975.395,15243205100,sh000852,106327376638514.5
2023-02-13,6976.33,7052.596,6973.408,7052.177,16084848000,sh000852,113433195114096.0
2023-02-14,7064.529,7070.335,7028.785,7061.449,15178643800,sh000852,107183219082866.19
2023-02-15,7062.362,7076.868,7038.986,7063.605,15977932800,sh000852,112861806015744.0
2023-02-16,7063.927,7098.918,6878.348,6925.203,21738161700,sh000852,150541182619325.1
2023-02-17,6931.993,6954.846,6861.305,6868.548,17265690200,sh000852,118590221891829.6
2023-02-20,6871.862,6959.751,6825.874,6959.361,16561437900,sh000852,115257025025181.89
2023-02-21,6969.355,7008.546,6939.593,6990.475,17169094600,sh000852,120020126573935.0
2023-02-22,6961.15,7014.562,6947.117,6998.43,14460101600,sh000852,101198008840488.0
2023-02-23,6997.783,7008.679,6929.612,6966.787,14186246700,sh000852,98832559088352.9
2023-02-24,6971.649,6983.16,6906.686,6944.824,12107882600,sh000852,84087113669662.39
2023-02-27,6928.034,6950.883,6876.254,6894.296,12930093900,sh000852,89143894654394.4
2023-02-28,6911.362,6955.574,6874.925,6955.574,13103602500,sh000852,91143076855335.0
2023-03-01,6955.482,7002.771,6932.757,7002.771,15590855500,sh000852,109179190760590.5
2023-03-02,6999.232,7021.109,6963.055,6972.306,16650570800,sh000852,116092874692264.8
2023-03-03,6970.213,6997.425,6921.267,6967.94,15459824700,sh000852,107723130920118.0
2023-03-06,6973.523,7004.71,6933.993,6997.044,15031713400,sh000852,105177560055189.6
2023-03-07,6991.559,6993.177,6855.344,6855.344,15975778000,sh000852,109519453857632.0
2023-03-08,6838.629,6894.364,6832.037,6891.456,12128060000,sh000852,83579991855360.0
2023-03-09,6898.24,6911.538,6851.909,6892.857,12667126100,sh000852,87312688808267.7
2023-03-10,6854.41,6864.935,6795.223,6798.299,14033859100,sh000852,95406370285670.9
2023-03-13,6780.023,6832.621,6750.219,6832.621,14119118700,sh000852,96470586931112.7
2023-03-14,6824.248,6824.248,6690.086,6769.849,15633643500,sh000852,105837405814831.5
2023-03-15,6797.821,6844.966,6794.408,6803.474,13914701000,sh000852,94668306471274.0
2023-03-16,6769.607,6777.906,6677.681,6689.783,14188184500,sh000852,94915875468963.5
2023-03-17,6726.957,6781.946,6717.144,6736.367,16153534500,sh000852,108816136739161.5
2023-03-20,6745.952,6760.91,6694.522,6721.455,17531344100,sh000852,117836140457665.5
2023-03-21,6726.798,6810.288,6725.835,6809.391,14658493500,sh000852,99815413712458.5
2023-03-22,6830.194,6845.761,6810.765,6840.326,16031826700,sh000852,109662921003504.2
2023-03-23,6827.676,6869.176,6809.851,6868.835,16544805600,sh000852,113643539773476.0
2023-03-24,6874.538,6880.195,6840.75,6867.952,18168022900,sh000852,124777109212100.8
2023-03-27,6874.386,6900.633,6830.945,6886.689,19506440300,sh000852,134334787843166.7
2023-03-28,6881.109,6884.543,6816.447,6825.383,17046883700,sh000852,116351510208957.1
2023-03-29,6825.129,6839.899,6785.149,6806.281,16080659500,sh000852,109449487222319.5
2023-03-30,6802.071,6814.689,6751.692,6807.645,14617575600,sh000852,99511265445462.0
2023-03-31,6806.609,6878.319,6801.943,6875.808,15158195000,sh000852,104224838446560.0
2023-04-03,6878.089,6966.693,6878.089,6962.205,19455447700,sh000852,135452815254178.5
2023-04-04,6960.906,6966.993,6918.133,6953.363,21321196200,sh000852,148254016772820.6
2023-04-06,6926.188,6988.375,6921.662,6983.027,19100949400,sh000852,133382445385833.8
2023-04-07,6987.007,7043.222,6978.348,7042.89,16743732000,sh000852,117924262665480.0
2023-04-10,7050.235,7052.741,6950.771,6968.573,18100786800,sh000852,126136654173236.4
2023-04-11,6967.03,6986.443,6937.02,6984.142,16279396500,sh000852,113697616830303.0
2023-04-12,6989.693,7027.84,6979.278,7021.016,18030093800,sh000852,126589577051300.8
2023-04-13,7011.658,7029.104,6956.676,6966.818,18293674600,sh000852,127448701489422.8
2023-04-14,6978.592,7026.121,6942.569,7020.094,17475180200,sh000852,122677407670938.8
2023-04-17,7009.468,7030.24,6989.697,7012.773,17346310100,sh000852,121645735118907.3
2023-04-18,7002.256,7014.385,6961.506,6997.072,16027809500,sh000852,112147737073784.0
2023-04-19,6988.655,7011.931,6955.361,6965.576,16896811700,sh000852,117696026054039.2
2023-04-20,6956.365,6963.899,6911.981,6963.899,17424078500,sh000852,121339522842071.5
2023-04-21,6954.099,6963.077,6773.512,6773.512,19317732400,sh000852,130848892224188.8
2023-04-24,6766.518,6771.652,6692.224,6725.271,17236563900,sh000852,115920563336316.89
2023-04-25,6708.278,6711.568,6517.273,6603.239,19439982000,sh000852,128366847301697.98
2023-04-26,6577.359,6667.429,6573.878,6624.4,18456174500,sh000852,122261082357800.0
2023-04-27,6597.731,6672.219,6593.384,6633.493,17420209100,sh000852,115556835123386.31
2023-04-28,6617.325,6724.573,6617.325,6723.305,18902761600,sh000852,127089031579088.0
2023-05-04,6701.491,6738.443,6698.642,6733.969,20213704700,sh000852,136118460824954.3
2023-05-05,6723.16,6723.98,6612.741,6653.653,18587696200,sh000852,123676080584218.61
2023-05-08,6660.917,6714.389,6660.917,6702.5,20420461900,sh000852,136868145884750.0
2023-05-09,6696.668,6705.738,6610.567,6611.637,21751823800,sh000852,143815163053560.6
2023-05-10,6599.788,6648.038,6576.399,6627.311,17230127700,sh000852,114189414837614.69
2023-05-11,6634.164,6653.382,6618.193,6622.521,15580515500,sh000852,103182291089575.5
2023-05-12,6608.828,6630.559,6535.11,6535.944,15332911500,sh000852,100215050920956.0
2023-05-15,6537.397,6585.91,6466.449,6585.91,16112681900,sh000852,106116672852029.0
2023-05-16,6586.718,6586.718,6501.307,6516.289,14243410700,sh000852,92814180466892.3
2023-05-17,6500.438,6555.769,6497.379,6554.98,12577806300,sh000852,82447268740374.0
2023-05-18,6557.37,6595.491,6554.081,6583.738,14436880100,sh000852,95048636115813.8
2023-05-19,6571.087,6621.426,6545.085,6602.317,13543298900,sh000852,89417152563551.3
2023-05-22,6589.351,6608.883,6556.74,6595.984,13119854300,sh000852,86538349045131.2
2023-05-23,6591.557,6600.802,6528.453,6528.453,12859551700,sh000852,83952978874520.11
2023-05-24,6507.06,6564.513,6476.689,6513.182,12585509300,sh000852,81971712633592.6
2023-05-25,6502.23,6541.388,6424.447,6501.0,13583464300,sh000852,88306101414300.0
2023-05-26,6495.348,6558.109,6451.727,6546.408,12627561700,sh000852,82665170933373.61
2023-05-29,6560.161,6579.151,6518.031,6534.117,15248265700,sh000852,99633952130886.9
2023-05-30,6517.707,6565.477,6461.093,6564.469,15131765100,sh000852,99332002914231.9
2023-05-31,6556.516,6581.934,6523.273,6561.649,14296836400,sh000852,93810822267223.61
2023-06-01,6539.259,6616.527,6515.023,6574.758,15396233900,sh000852,101226512003896.2
2023-06-02,6585.73,6640.53,6585.73,6626.279,14926360400,sh000852,98906228464951.61
2023-06-05,6631.222,6647.204,6609.017,6632.956,13715059400,sh000852,90971385537586.4
2023-06-06,6625.086,6625.086,6475.259,6489.811,15175795900,sh000852,98488047165574.89
2023-06-07,6487.196,6517.319,6467.304,6488.557,13140470900,sh000852,85262694441491.3
2023-06-08,6477.94,6478.317,6399.782,6442.482,13558307000,sh000852,87349148797974.0
2023-06-09,6446.62,6500.447,6427.919,6495.564,15197757900,sh000852,98718009095955.61
2023-06-12,6488.2,6549.785,6474.863,6530.161,14515322000,sh000852,94787389626842.0
2023-06-13,6525.048,6561.021,6519.967,6554.957,14563630100,sh000852,95463969069405.7
2023-06-14,6556.032,6591.694,6547.486,6578.123,14919593100,sh000852,98142918521751.3
2023-06-15,6579.462,6618.624,6568.611,6613.955,14795542700,sh000852,97857053618378.5
2023-06-16,6613.105,6674.622,6602.039,6669.005,15570868900,sh000852,103842202548444.5
2023-06-19,6674.119,6707.227,6673.812,6693.299,16802575500,sh000852,112464661791574.5
2023-06-20,6683.924,6717.713,6671.99,6693.915,15886065300,sh000852,106339970802649.5
2023-06-21,6679.148,6681.566,6548.407,6548.407,15398394400,sh000852,100834953677720.8
2023-06-26,6504.971,6535.492,6404.044,6420.973,15473268800,sh000852,99353441186542.4
2023-06-27,6425.843,6518.983,6424.332,6507.273,13560711900,sh000852,88243254407648.7
2023-06-28,6504.499,6505.47,6367.353,6475.505,14580838500,sh000852,94418292610942.5
2023-06-29,6465.096,6542.276,6462.068,6520.039,13525214500,sh000852,88184926023365.5
2023-06-30,6507.504,6615.974,6500.861,6602.037,14449892400,sh000852,95398724270818.8
2023-07-03,6617.076,6640.339,6571.843,6612.884,16097735600,sh000852,106452458185470.4
2023-07-04,6610.664,6639.816,6599.6,6638.447,13974279500,sh000852,92767513823936.5
2023-07-05,6632.367,6642.549,6575.73,6584.423,13305228000,sh000852,87607249263444.0
2023-07-06,6573.576,6619.292,6558.885,6567.079,12407726800,sh000852,81482522106017.2
2023-07-07,6553.558,6558.108,6486.115,6521.427,12359954100,sh000852,80604538386500.7
2023-07-10,6539.079,6556.154,6501.746,6526.852,12045093600,sh000852,78616543253347.2
2023-07-11,6531.628,6579.37,6514.991,6579.37,11960364400,sh000852,78691662722428.0
2023-07-12,6576.942,6576.962,6476.847,6482.987,14020447100,sh000852,90894376283487.7
2023-07-13,6497.809,6553.599,6497.758,6548.313,13511775700,sh000852,88479336469394.1
2023-07-14,6554.535,6571.144,6538.646,6544.459,13563197100,sh000852,88763787329868.89
2023-07-17,6524.605,6525.187,6481.286,6516.56,12640877300,sh000852,82375035378088.0
2023-07-18,6519.757,6537.914,6490.059,6510.034,11996865300,sh000852,78100000996420.2
2023-07-19,6508.523,6530.543,6459.443,6492.349,10913633500,sh000852,70855117540091.5
2023-07-20,6497.778,6512.449,6404.123,6408.76,12215096200,sh000852,78283619922712.0
2023-07-21,6397.154,6447.296,6378.197,6401.417,11359084900,sh000852,72714239183303.3
2023-07-24,6397.431,6437.989,6370.055,6393.794,10904946500,sh000852,69723981502021.0
2023-07-25,6448.271,6499.416,6444.579,6498.269,14736572700,sh000852,95762213542656.3
2023-07-26,6497.595,6497.595,6441.558,6457.254,14958352200,sh000852,96589879576858.8
2023-07-27,6458.484,6475.83,6397.595,6407.546,14462435800,sh000852,92668722660546.8
2023-07-28,6389.435,6471.676,6369.372,6465.376,15726753200,sh000852,101679372697203.2
2023-07-31,6475.828,6549.745,6475.828,6515.849,18381598000,sh000852,119771716946702.0
2023-08-01,6513.14,6521.97,6482.168,6507.412,18432646400,sh000852,119948824375116.81
2023-08-02,6499.864,6515.069,6475.423,6496.022,16864628900,sh000852,109553000356235.8
2023-08-03,6472.113,6502.545,6460.28,6499.545,16347139500,sh000852,106248968801527.5
2023-08-04,6514.54,6561.739,6505.861,6535.322,19462299900,sh000852,127192396707067.8
2023-08-07,6524.296,6532.518,6485.662,6503.983,16891941200,sh000852,109864898401799.61
2023-08-08,6496.59,6500.902,6457.247,6471.344,14274341400,sh000852,92374173572841.6
2023-08-09,6452.98,6464.363,6411.228,6420.977,13231946700,sh000852,84962025425925.89
2023-08-10,6409.222,6438.431,6392.895,6426.814,13195769200,sh000852,84806754235328.8
2023-08-11,6428.879,6428.879,6304.635,6304.635,14901672900,sh000852,93949608523891.5
2023-08-14,6251.966,6320.949,6213.976,6319.407,13839222100,sh000852,87455677013294.7
2023-08-15,6318.548,6325.574,6203.443,6261.733,12270310700,sh000852,76833409430443.11
2023-08-16,6240.712,6255.811,6186.403,6186.403,12495875900,sh000852,77304524155387.7
2023-08-17,6167.654,6255.05,6128.131,6247.601,12913523800,sh000852,80678544206403.8
2023-08-18,6245.126,6259.791,6117.107,6117.107,13921253900,sh000852,85157799680467.3
2023-08-21,6107.924,6154.25,6057.171,6057.171,11709169600,sh000852,70924442535201.61
2023-08-22,6082.721,6108.21,5984.437,6099.195,14428242200,sh000852,88000662685029.0
2023-08-23,6084.154,6084.154,5973.646,5973.671,12842238200,sh000852,76715305910432.2
2023-08-24,5989.428,6049.546,5942.567,5987.966,13419745100,sh000852,80356977387466.61
2023-08-25,5960.589,5980.241,5855.878,5879.027,14011710800,sh000852,82375226109391.6
2023-08-28,6204.104,6204.104,5907.941,5922.162,21087009800,sh000852,124880688131187.61
2023-08-29,5909.462,6121.591,5907.961,6108.759,18668957600,sh000852,114044162759618.4
2023-08-30,6117.411,6185.273,6102.091,6139.627,16749956000,sh000852,102838482106412.0
2023-08-31,6130.642,6130.953,6087.327,6104.295,14304040900,sh000852,87316085345665.5
2023-09-01,6108.128,6136.782,6086.271,6107.2,12401705300,sh000852,75739694608160.0
2023-09-04,6129.539,6198.762,6109.097,6198.762,15550728100,sh000852,96395262418612.2
2023-09-05,6188.515,6206.346,6154.83,6167.642,14106799900,sh000852,87005691548835.8
2023-09-06,6146.394,6202.324,6117.806,6195.383,12971766400,sh000852,80365061034531.2
2023-09-07,6185.328,6185.328,6083.489,6083.489,13225411600,sh000852,80456645989072.39
2023-09-08,6063.241,6128.839,6062.897,6102.488,11891827900,sh000852,72569737057815.2
2023-09-11,6114.067,6204.434,6083.391,6182.643,14400329900,sh000852,89032098853925.7
2023-09-12,6175.635,6212.26,6169.035,6184.606,12051225300,sh000852,74532080297731.8
2023-09-13,6169.529,6177.385,6059.287,6103.137,12503267600,sh000852,76309155110461.2
2023-09-14,6101.773,6102.488,6037.717,6068.713,11444184400,sh000852,69451470642677.195
2023-09-15,6082.194,6117.821,6046.874,6079.063,12419690300,sh000852,75500079774188.9
2023-09-18,6058.297,6106.265,6029.973,6083.969,11839445700,sh000852,72030820615983.3
2023-09-19,6077.396,6077.396,6011.908,6031.042,11274599300,sh000852,67997581911470.6
2023-09-20,6020.91,6038.752,5982.105,5982.558,10572797400,sh000852,63252373667749.2
2023-09-21,5968.35,5999.401,5931.104,5939.664,9970952900,sh000852,59224109985825.59
2023-09-22,5934.266,6056.446,5923.243,6054.928,13355677200,sh000852,80867663837241.6
2023-09-25,6051.821,6058.465,6014.613,6027.394,12953261200,sh000852,78074408837312.8
2023-09-26,6017.302,6034.855,5996.047,5996.11,11406156300,sh000852,68392567851993.0
2023-09-27,5989.803,6063.912,5989.16,6034.061,12166233000,sh000852,73411792062213.0
2023-09-28,6048.833,6085.533,6048.677,6078.945,12775925600,sh000852,77664149046492.0
2023-10-09,6073.276,6075.464,6025.358,6059.965,13675596400,sh000852,82873635538126.0
2023-10-10,6069.905,6084.931,6037.466,6043.482,14081531200,sh000852,85101480339638.4
2023-10-11,6056.029,6105.416,6040.502,6059.401,14360113000,sh000852,87013683072313.0
2023-10-12,6088.545,6106.95,6064.819,6104.456,14545282400,sh000852,88791036418374.4
2023-10-13,6080.328,6091.538,6063.558,6081.866,14411508900,sh000852,87648865987607.4
2023-10-16,6089.424,6089.482,5996.789,6024.359,16445921700,sh000852,99076136406690.31
2023-10-17,6027.914,6028.021,5967.3,6011.37,13942123400,sh000852,83811262343058.0
2023-10-18,5992.509,5992.509,5905.836,5908.008,14506515300,sh000852,85704608444522.39
2023-10-19,5879.808,5929.58,5842.412,5842.892,15549780100,sh000852,90855685748049.2
2023-10-20,5816.717,5855.462,5767.021,5774.32,13896434900,sh000852,80242461971768.0
2023-10-23,5754.177,5754.245,5613.73,5638.136,14584585400,sh000852,82229875988814.4
2023-10-24,5654.926,5734.549,5625.709,5719.323,15155306600,sh000852,86678093609431.81
2023-10-25,5753.685,5811.268,5752.786,5778.905,16359732600,sh000852,94541340520803.0
2023-10-26,5745.534,5817.634,5724.0,5811.692,15727583200,sh000852,91403869462774.4
2023-10-27,5792.606,5937.54,5774.631,5916.678,17217964600,sh000852,101873152353598.8
2023-10-30,5899.38,6017.281,5898.694,6006.559,17928105200,sh000852,107686221642006.8
2023-10-31,6003.365,6013.733,5934.205,5969.341,16531844100,sh000852,98684214791738.11
2023-11-01,5969.807,5983.869,5943.193,5958.418,14745112800,sh000852,87857545519550.39
2023-11-02,5958.477,5983.222,5885.247,5885.247,14014441200,sh000852,82478448028976.4
2023-11-03,5895.602,5992.746,5895.602,5973.167,14612020600,sh000852,87280039251240.2
2023-11-06,6007.434,6097.037,6007.434,6096.57,18660314600,sh000852,113763914180922.0
2023-11-07,6088.511,6132.138,6068.244,6116.757,17394670700,sh000852,106398973766919.89
2023-11-08,6114.987,6160.242,6099.292,6138.938,18396408800,sh000852,112934413045854.4
2023-11-09,6135.072,6160.979,6087.728,6100.693,16224431900,sh000852,98980278121306.7
2023-11-10,6079.473,6097.611,6055.988,6088.558,14156760500,sh000852,86194257396359.0
2023-11-13,6107.269,6144.635,6095.275,6144.635,15035960600,sh000852,92390489761381.0
2023-11-14,6143.481,6189.5,6133.223,6181.98,16017236300,sh000852,99018234461874.0
2023-11-15,6226.198,6234.536,6184.9,6207.268,16761318800,sh000852,104041997825038.4
2023-11-16,6188.826,6193.638,6143.819,6145.151,14368211600,sh000852,88294829881951.6
2023-11-17,6135.825,6199.231,6131.666,6199.228,14598965800,sh000852,90502317558402.4
2023-11-20,6211.339,6254.136,6184.638,6253.276,16024627100,sh000852,100206416053379.6
2023-11-21,6258.741,6267.22,6200.691,6212.125,17615066500,sh000852,109426994981312.5
2023-11-22,6193.358,6221.871,6132.97,6132.97,17118316300,sh000852,104986120318411.0
2023-11-23,6123.586,6199.875,6107.004,6197.526,15210718300,sh000852,94268822142925.8
2023-11-24,6194.024,6194.024,6098.961,6115.407,14981599200,sh000852,91618576618874.4
2023-11-27,6107.562,6130.401,6076.711,6111.364,15443307700,sh000852,94379674718702.8
2023-11-28,6099.512,6143.302,6065.688,6143.302,12836813300,sh000852,78860420819516.6
2023-11-29,6138.761,6154.898,6103.983,6113.366,13564395200,sh000852,82924112426243.2
2023-11-30,6104.774,6110.408,6031.475,6080.547,13103299900,sh000852,79675230897045.3
2023-12-01,6078.639,6142.739,6059.803,6130.051,14535274400,sh000852,89101973370994.4
2023-12-04,6131.588,6147.053,6110.253,6114.393,15341436500,sh000852,93803571945544.5
2023-12-05,6098.117,6098.117,5992.6,5992.6,14277542700,sh000852,85559602384020.0
2023-12-06,5977.611,6066.418,5970.282,6023.804,14432062400,sh000852,86935915213369.6
2023-12-07,6019.96,6044.858,5983.245,6020.83,14853662700,sh000852,89431377994041.0
2023-12-08,6021.919,6056.063,6003.144,6003.144,16797128200,sh000852,100835579371060.8
2023-12-11,5984.677,6080.804,5933.736,6075.08,15984343600,sh000852,97106166117488.0
2023-12-12,6070.875,6084.279,6050.735,6078.99,12971208800,sh000852,78851848583112.0
2023-12-13,6067.781,6076.361,6019.553,6019.553,12254715000,sh000852,73767906442395.0
2023-12-14,6038.921,6072.615,5989.234,5991.862,12019938200,sh000852,72021810942928.4
2023-12-15,6000.259,6016.396,5935.317,5951.6,12371010000,sh000852,73627303116000.0
2023-12-18,5939.435,5941.897,5845.961,5857.005,12525942300,sh000852,73364506680811.5
2023-12-19,5853.195,5887.765,5820.513,5863.542,11168267500,sh000852,65485605553485.01
2023-12-20,5869.561,5873.759,5761.312,5761.312,11163005300,sh000852,64313556390953.6
2023-12-21,5739.021,5814.036,5685.642,5798.912,12494910000,sh000852,72456883537920.0
2023-12-22,5797.609,5819.65,5713.805,5733.909,14116708500,sh000852,80943921918526.5
2023-12-25,5726.562,5753.434,5698.324,5735.726,10963896300,sh000852,62885905069213.8
2023-12-26,5734.15,5734.556,5632.872,5651.588,10406327600,sh000852,58812276188228.8
2023-12-27,5658.194,5703.169,5636.943,5696.161,10826535400,sh000852,61669688710599.4
2023-12-28,5687.753,5824.395,5660.13,5805.527,14413438300,sh000852,83677605213484.1
2023-12-29,5797.576,5891.627,5795.757,5887.235,13469077800,sh000852,79295626241883.0
2024-01-02,5891.174,5891.227,5854.592,5854.749,12837767000,sh000852,75161903505483.0
2024-01-03,5838.553,5861.411,5785.252,5824.043,11924892500,sh000852,69451086690377.49
2024-01-04,5814.937,5814.937,5753.467,5783.016,10295253400,sh000852,59537615136254.4
2024-01-05,5779.757,5796.759,5652.126,5675.809,11920519700,sh000852,67658592997937.305
2024-01-08,5664.453,5664.453,5543.575,5543.575,11051272600,sh000852,61263558503545.0
2024-01-09,5553.184,5607.218,5513.13,5553.304,11022322300,sh000852,61210306517879.2
2024-01-10,5540.664,5580.419,5462.362,5512.069,10649944600,sh000852,58703229481377.41
2024-01-11,5507.803,5634.025,5502.294,5611.115,12471774900,sh000852,69980563218013.5
2024-01-12,5601.098,5646.272,5574.408,5574.493,12106688100,sh000852,67488648066633.305
2024-01-15,5558.148,5607.134,5520.363,5559.376,10866718400,sh000852,60412173471718.4
2024-01-16,5555.0,5566.21,5463.295,5539.474,11680310800,sh000852,64702777988519.2
2024-01-17,5529.895,5529.895,5389.122,5389.122,10403735400,sh000852,56066999326318.805
2024-01-18,5360.206,5375.234,5214.899,5373.424,14871103600,sh000852,79908744990726.4
2024-01-19,5364.807,5395.137,5304.96,5306.986,10643108600,sh000852,56482828336679.6
2024-01-22,5298.314,5298.314,4970.198,5000.834,14425251200,sh000852,72138286659500.8
2024-01-23,4992.792,5102.443,4939.52,5079.632,13028824100,sh000852,66181631820731.195
2024-01-24,5102.825,5151.423,4951.901,5143.408,14332644100,sh000852,73718636325092.81
2024-01-25,5143.289,5316.261,5112.535,5316.195,16314491700,sh000852,86731019203081.5
2024-01-26,5303.961,5352.846,5253.317,5269.765,15541566100,sh000852,81900401078966.5
2024-01-29,5282.817,5301.871,5131.247,5131.247,15000089200,sh000852,76969162707232.4
2024-01-30,5099.587,5144.294,4978.91,4984.66,12501506900,sh000852,62315761384154.0
2024-01-31,4949.188,4986.102,4775.623,4785.032,15823715500,sh000852,75716985026396.0
2024-02-01,4753.639,4858.715,4684.473,4750.444,14711551600,sh000852,69886402028910.41
2024-02-02,4753.668,4802.619,4431.815,4574.669,17688543500,sh000852,80919231604601.5
2024-02-05,4534.752,4534.752,4177.943,4293.07,21127433000,sh000852,90701548789310.0
2024-02-06,4229.794,4641.455,4192.965,4592.444,21018741000,sh000852,96527390993004.02
2024-02-07,4604.122,4848.236,4599.351,4797.846,21621331700,sh000852,103735819811518.19
2024-02-08,4826.143,5067.228,4826.143,4993.105,21762005900,sh000852,108659980469319.48
2024-02-19,5062.685,5071.2,4950.328,5029.586,20387099600,sh000852,102538670728765.61
2024-02-20,5004.42,5058.217,4950.394,5046.012,15434428500,sh000852,77882311424142.0
2024-02-21,5001.657,5208.649,4974.076,5073.482,19328052700,sh000852,98060527468501.4
2024-02-22,5075.432,5152.024,5066.003,5151.534,15306429500,sh000852,78851591987853.0
2024-02-23,5169.013,5225.67,5114.145,5225.67,17121369300,sh000852,89470625909931.0
2024-02-26,5234.805,5325.77,5201.125,5255.396,18447164300,sh000852,96947153473562.8
2024-02-27,5237.105,5394.034,5218.586,5394.034,18262237200,sh000852,98507128372864.8
2024-02-28,5403.496,5478.086,5152.052,5152.052,26074238200,sh000852,134335831066786.39
2024-02-29,5122.18,5344.605,5122.18,5344.605,18803623800,sh000852,100497941779598.98
2024-03-01,5354.731,5411.323,5322.086,5401.939,18443648700,sh000852,99631465214829.31
2024-03-04,5412.908,5429.801,5332.238,5428.336,17930820500,sh000852,97334518429688.0
2024-03-05,5392.877,5417.816,5337.665,5375.132,17416691100,sh000852,93617013665725.19
2024-03-06,5346.079,5434.402,5306.456,5381.459,15468437100,sh000852,83242760047728.89
2024-03-07,5389.989,5430.392,5303.277,5303.277,16102386000,sh000852,85395413318922.0
2024-03-08,5309.594,5386.176,5283.146,5370.372,13913089500,sh000852,74718466284294.0
2024-03-11,5358.837,5466.646,5350.292,5466.646,16413344200,sh000852,89725942417553.2
2024-03-12,5477.131,5524.505,5443.965,5496.355,18398414000,sh000852,101124214780969.98
2024-03-13,5501.586,5561.082,5476.786,5521.784,18127080700,sh000852,100093824175968.8
2024-03-14,5521.716,5546.103,5433.208,5486.646,16894817200,sh000852,92695881211111.2
2024-03-15,5472.893,5555.644,5459.317,5555.644,16109584100,sh000852,89499114247660.4
2024-03-18,5573.927,5648.012,5559.052,5648.012,19341951700,sh000852,109243575305020.39
2024-03-19,5633.504,5660.502,5607.256,5607.475,18111809600,sh000852,101561519536760.0
2024-03-20,5600.125,5663.738,5600.125,5659.154,17930765400,sh000852,101472962736471.61
2024-03-21,5674.495,5690.455,5623.297,5658.279,19433294600,sh000852,109959002735993.4
2024-03-22,5649.083,5660.145,5546.779,5595.885,21025432700,sh000852,117655903464439.5
2024-03-25,5581.351,5611.694,5466.062,5466.062,20470538200,sh000852,111893230974568.39
2024-03-26,5454.653,5495.633,5381.853,5447.748,18318068400,sh000852,99792220489963.19
2024-03-27,5435.971,5436.652,5266.231,5266.231,17917350400,sh000852,94356906114342.39
2024-03-28,5262.22,5430.767,5262.22,5382.236,17859873500,sh000852,96126054107146.0
2024-03-29,5383.745,5441.26,5345.872,5441.26,16865343100,sh000852,91768716796306.0
2024-04-01,5461.587,5559.868,5461.587,5559.056,19102570700,sh000852,106192260265259.19
2024-04-02,5556.517,5556.517,5490.824,5531.052,19609745900,sh000852,108462524279686.8
2024-04-03,5518.911,5525.034,5457.614,5500.926,18629106600,sh000852,102477336852711.61
2024-04-08,5487.632,5492.397,5399.915,5399.915,18657335900,sh000852,100748027986448.5
2024-04-09,5392.994,5468.911,5384.03,5468.911,15920115900,sh000852,87065696966784.9
2024-04-10,5456.972,5456.972,5325.912,5367.052,16745949300,sh000852,89876380682463.6
2024-04-11,5330.685,5441.502,5322.839,5379.915,16514370000,sh000852,88845906878550.0
2024-04-12,5379.17,5408.52,5330.542,5338.769,15717452200,sh000852,83911846564341.8
2024-04-15,5320.809,5364.594,5205.713,5287.512,20171102800,sh000852,106654948108233.6
2024-04-16,5255.207,5283.832,5063.94,5066.66,20717194000,sh000852,104966978152040.0
2024-04-17,5109.082,5287.456,5109.082,5287.456,19007939500,sh000852,100503643756912.0
2024-04-18,5276.471,5345.436,5233.899,5286.719,18822505800,sh000852,99509299040470.2
2024-04-19,5257.01,5312.151,5224.319,5264.389,17887021100,sh000852,94164237121607.9
2024-04-22,5231.564,5300.793,5187.523,5246.082,16776222900,sh000852,88009440983677.81
2024-04-23,5234.434,5260.294,5194.262,5218.428,15685139400,sh000852,81851770628863.2
2024-04-24,5219.257,5305.607,5200.598,5305.607,16266674900,sh000852,86304584216164.3
2024-04-25,5285.137,5357.441,5273.553,5313.986,15783124800,sh000852,83871304223452.8
2024-04-26,5303.151,5420.365,5303.151,5415.938,21088692700,sh000852,114215052164252.61
2024-04-29,5422.411,5550.214,5422.411,5545.235,24143974400,sh000852,133884011881983.98
2024-04-30,5530.944,5542.193,5482.988,5497.43,20490974300,sh000852,112647696846049.0
2024-05-06,5558.924,5611.266,5558.924,5606.842,20517402800,sh000852,115037835749957.6
2024-05-07,5604.271,5631.953,5593.008,5625.336,18562254000,sh000852,104418915667344.0
2024-05-08,5605.592,5605.592,5529.914,5536.659,17573098800,sh000852,97296255628909.19
2024-05-09,5533.513,5638.64,5533.513,5626.825,17267826100,sh000852,97163035595132.5
2024-05-10,5632.759,5641.922,5549.61,5574.232,18837704400,sh000852,105005734673020.8
2024-05-13,5537.928,5556.708,5479.946,5520.804,18030863900,sh000852,99544865542575.61
2024-05-14,5524.434,5574.251,5524.263,5551.675,16958506700,sh000852,94148117683722.5
2024-05-15,5541.809,5551.263,5491.523,5497.235,16330459800,sh000852,89772375178653.0
2024-05-16,5508.95,5539.919,5474.281,5488.946,16979800200,sh000852,93201206388589.2
2024-05-17,5489.416,5564.063,5478.297,5563.231,18287308100,sh000852,101736519328471.1
2024-05-20,5563.654,5612.346,5548.903,5596.777,19747644100,sh000852,110523160303065.7
2024-05-21,5586.009,5586.009,5517.39,5536.745,17295988000,sh000852,95763475079060.0
2024-05-22,5532.843,5553.697,5508.758,5539.66,16800299300,sh000852,93067946020238.0
2024-05-23,5521.18,5521.18,5402.004,5412.824,17580671000,sh000852,95161077924904.0
2024-05-24,5401.583,5436.813,5350.106,5350.107,15105011400,sh000852,80813427226219.8
2024-05-27,5358.076,5404.616,5295.088,5404.616,15140911400,sh000852,81830812007022.4
2024-05-28,5390.405,5414.978,5343.83,5348.029,14845805000,sh000852,79395795668345.0
2024-05-29,5336.697,5386.783,5324.687,5351.252,14269866300,sh000852,76361650577607.61
2024-05-30,5334.797,5371.807,5311.439,5334.296,14132317100,sh000852,75385962577261.61
2024-05-31,5334.099,5381.716,5334.099,5355.21,13673513700,sh000852,73224537301377.0
2024-06-03,5350.643,5351.252,5246.169,5284.624,16338815200,sh000852,86344494937484.8
2024-06-04,5267.362,5319.709,5229.676,5313.708,14512777700,sh000852,77116662966711.6
2024-06-05,5294.301,5330.804,5244.085,5244.085,13214350400,sh000852,69297176717384.0
2024-06-06,5249.95,5275.886,5113.214,5130.869,16979325500,sh000852,87118694848859.5
2024-06-07,5159.173,5189.995,5096.084,5153.587,13032020200,sh000852,67161649886457.41
2024-06-11,5132.218,5208.179,5086.86,5198.923,12853390400,sh000852,66823786978539.195
2024-06-12,5188.358,5231.469,5186.607,5216.462,12165075200,sh000852,63458652507942.41
2024-06-13,5214.412,5219.708,5170.166,5180.236,13117250700,sh000852,67950454297165.195
2024-06-14,5164.872,5190.712,5138.358,5180.651,13913297800,sh000852,72079940160867.8
2024-06-17,5158.98,5211.39,5151.277,5183.968,12461637200,sh000852,64600728472409.6
2024-06-18,5183.271,5237.819,5177.277,5227.254,13546066300,sh000852,70808729250940.2
2024-06-19,5230.488,5241.967,5159.995,5159.995,12580622900,sh000852,64915951260885.5
2024-06-20,5150.796,5174.875,5052.885,5056.138,14150084500,sh000852,71544779943661.0
2024-06-21,5040.629,5090.57,5014.479,5055.333,11120168900,sh000852,56216156805743.695
2024-06-24,5025.517,5029.731,4884.497,4887.777,12891516300,sh000852,63010856866265.1
2024-06-25,4885.89,4907.955,4814.68,4847.611,11259330000,sh000852,54580851960630.0
2024-06-26,4842.004,4988.308,4812.1,4986.384,13802752900,sh000852,68825826216513.6
2024-06-27,4964.659,4969.089,4862.634,4864.086,12164291100,sh000852,59168158039434.6
2024-06-28,4855.351,4968.273,4851.835,4895.987,13456779600,sh000852,65884217983465.2
2024-07-01,4894.559,4954.175,4839.745,4940.247,12921932500,sh000852,63837538267327.5
2024-07-02,4940.7,4951.197,4886.702,4905.65,11882798600,sh000852,58292850952089.99
2024-07-03,4900.667,4906.51,4857.775,4867.133,10230030100,sh000852,49790917090703.3
2024-07-04,4868.546,4883.737,4745.909,4761.868,12120225700,sh000852,57714914913607.6
2024-07-05,4753.734,4828.843,4711.868,4810.794,11060246700,sh000852,53208568462879.8
2024-07-08,4801.489,4801.489,4679.285,4693.965,12354877500,sh000852,57993362564287.5
2024-07-09,4689.275,4810.322,4645.197,4797.063,14851118700,sh000852,71241752024378.1
2024-07-10,4783.17,4829.208,4768.125,4777.682,13840154300,sh000852,66123856076332.59
2024-07-11,4846.105,4896.146,4821.414,4893.594,15319046900,sh000852,74965195995558.6
2024-07-12,4884.413,4897.169,4858.303,4878.02,13085417900,sh000852,63830930224558.01
2024-07-15,4869.004,4869.004,4815.407,4827.602,12641301700,sh000852,61027173369523.4
2024-07-16,4815.739,4845.349,4786.214,4836.718,12089150200,sh000852,58471810377043.6
2024-07-17,4834.441,4842.721,4786.348,4795.624,12042511600,sh000852,57751357649238.4
2024-07-18,4763.304,4822.619,4714.601,4812.426,12172778100,sh000852,58580593820670.6
2024-07-19,4788.771,4854.707,4778.714,4821.423,11264795500,sh000852,54312344113996.5
2024-07-22,4822.639,4848.307,4798.117,4826.871,11073212100,sh000852,53448966362339.1
2024-07-23,4825.745,4825.745,4694.953,4694.953,12049520100,sh000852,56571930542055.305
2024-07-24,4682.062,4713.074,4625.422,4631.011,12109198000,sh000852,56077829139178.01
2024-07-25,4602.633,4678.659,4587.707,4632.567,10853045800,sh000852,50277461822568.6
2024-07-26,4638.312,4710.569,4638.312,4702.08,11069103300,sh000852,52047809244864.0
2024-07-29,4707.279,4707.279,4670.8,4685.646,10931960500,sh000852,51223296988983.0
2024-07-30,4674.924,4716.214,4637.41,4702.491,11231559400,sh000852,52816306994465.4
2024-07-31,4698.734,4889.772,4690.0,4889.081,17376194200,sh000852,84953620915530.2
2024-08-01,4894.809,4933.061,4850.633,4878.289,14642142100,sh000852,71428600742866.89
2024-08-02,4844.778,4902.941,4802.022,4809.889,13798976700,sh000852,66371546240586.305
2024-08-05,4776.182,4854.59,4678.739,4678.775,15284748500,sh000852,71513899163087.5
2024-08-06,4731.196,4766.273,4695.637,4749.947,12709764100,sh000852,60370705857502.7
2024-08-07,4741.651,4772.206,4715.529,4743.41,11261928400,sh000852,53419943791844.0
2024-08-08,4728.33,4776.488,4677.425,4739.493,12674657200,sh000852,60071449076799.6
2024-08-09,4760.127,4789.169,4702.745,4702.745,11566533800,sh000852,54394458995281.0
2024-08-12,4696.364,4707.216,4657.33,4674.102,10766524500,sh000852,50323833698499.0
2024-08-13,4671.2,4698.342,4642.669,4697.586,10020724800,sh000852,47073216530332.805
2024-08-14,4698.003,4698.148,4649.278,4649.278,9991137300,sh000852,46451574843869.41
2024-08-15,4639.084,4743.728,4620.555,4691.85,12990065000,sh000852,60947436470250.01
2024-08-16,4696.718,4703.027,4654.46,4655.651,12261254100,sh000852,57084119911919.1
2024-08-19,4651.297,4714.059,4644.601,4663.612,11994224400,sh000852,55936408842532.805
2024-08-20,4663.776,4665.634,4563.855,4579.304,12997965500,sh000852,59521635406012.0
2024-08-21,4564.378,4590.2,4543.881,4548.264,10816431500,sh000852,49195985999916.0
2024-08-22,4549.3,4562.977,4484.559,4491.839,11346933000,sh000852,50968596179787.0
2024-08-23,4482.654,4510.598,4462.76,4495.344,11025472000,sh000852,49563289402368.0
2024-08-26,4492.706,4531.173,4476.243,4512.893,11227184300,sh000852,50667081437179.9
2024-08-27,4500.735,4501.084,4449.215,4459.68,11393952000,sh000852,50813379855360.0
2024-08-28,4449.711,4506.313,4437.518,4470.55,10790317700,sh000852,48238654793735.0
2024-08-29,4453.431,4558.947,4443.903,4542.464,12978875300,sh000852,58956073810739.2
2024-08-30,4539.929,4691.015,4534.044,4629.32,17783861600,sh000852,82327186182112.0
2024-09-02,4627.182,4635.765,4529.834,4532.515,15592727400,sh000852,70674270831411.0
2024-09-03,4529.941,4598.632,4529.941,4572.397,12895246200,sh000852,58962185039141.4
2024-09-04,4542.905,4594.439,4529.338,4550.77,12287165700,sh000852,55916065052589.01
2024-09-05,4554.518,4614.752,4554.518,4586.781,12120919400,sh000852,55596002806451.4
2024-09-06,4588.928,4595.697,4506.387,4508.228,12721773300,sh000852,57352654600712.4
2024-09-09,4490.99,4523.366,4459.126,4475.532,11328492700,sh000852,50701031590616.4
2024-09-10,4481.488,4507.154,4400.776,4487.576,13235158500,sh000852,59393779640796.0
2024-09-11,4469.015,4500.683,4453.2,4486.007,11395397200,sh000852,51119831606980.4
2024-09-12,4490.524,4542.285,4468.744,4468.744,11873118700,sh000852,53057927951912.8
2024-09-13,4471.984,4478.218,4413.187,4413.187,11682728700,sh000852,51558066423366.9
2024-09-18,4413.903,4425.792,4342.209,4399.133,11355207800,sh000852,49953069354837.4
2024-09-19,4418.784,4527.613,4385.486,4482.275,14574716000,sh000852,65327885158899.99
2024-09-20,4484.175,4487.076,4428.165,4463.356,12748017700,sh000852,56898941289401.195
2024-09-23,4462.717,4513.97,4445.99,4469.133,12494506600,sh000852,55839611764777.8
2024-09-24,4489.492,4642.558,4466.336,4642.558,21578253100,sh000852,100178291555429.8
2024-09-25,4688.389,4799.857,4681.853,4686.258,26424073100,sh000852,123830023957459.8
2024-09-26,4675.944,4874.132,4672.866,4874.132,25397782900,sh000852,123792146361942.8
2024-09-27,4950.938,5164.542,4944.84,5136.441,29068169400,sh000852,149306937101105.4
2024-09-30,5375.571,5732.568,5307.549,5708.826,47143285200,sh000852,269132812275175.2
2024-10-08,6437.113,6437.113,5861.322,6201.985,55059079200,sh000852,341475583312212.0
2024-10-09,6052.671,6105.029,5706.045,5727.38,45809421200,sh000852,262367962792456.0
2024-10-10,5777.898,5881.329,5593.983,5654.53,34962801200,sh000852,197698208269436.0
2024-10-11,5610.948,5616.806,5349.321,5416.758,27999264600,sh000852,151665240516166.78
2024-10-14,5451.619,5620.419,5346.424,5615.756,28114440500,sh000852,157883837924518.0
2024-10-15,5585.688,5704.56,5505.81,5507.176,29751709500,sh000852,163847900517372.0
2024-10-16,5425.432,5598.835,5424.393,5524.255,24852031900,sh000852,137288961483734.5
2024-10-17,5563.465,5624.794,5504.485,5505.615,27639748600,sh000852,152173814488389.0
2024-10-18,5495.196,5880.896,5484.235,5749.434,35971903900,sh000852,206818087327392.6
2024-10-21,5797.003,5954.436,5767.79,5860.571,35506109500,sh000852,208086075658524.5
2024-10-22,5866.786,5940.367,5814.297,5888.815,34729862800,sh000852,204517737004582.0
2024-10-23,5871.318,5991.589,5856.368,5903.578,33375377200,sh000852,197034142579621.62
2024-10-24,5871.286,5887.45,5817.932,5861.632,26414947600,sh000852,154834702130483.2
2024-10-25,5876.437,6014.11,5876.214,5974.909,30682066500,sh000852,183322555269448.5
2024-10-28,5988.723,6082.088,5965.001,6082.088,32672293800,sh000852,198715766053454.4
2024-10-29,6106.194,6113.638,5982.526,5983.836,36932529900,sh000852,220998201986696.4
2024-10-30,5960.792,6043.587,5945.675,6019.347,32438018600,sh000852,195255689945854.2
2024-10-31,6041.013,6161.555,6004.713,6116.663,38611948500,sh000852,236176276747855.47
2024-11-01,6100.79,6125.408,5912.532,5930.232,40933827600,sh000852,242747094316003.2
2024-11-04,5912.314,6053.112,5912.314,6053.112,29563714700,sh000852,178952476215146.4
2024-11-05,6057.208,6279.915,6051.457,6266.542,39014253100,sh000852,244484455649780.22
2024-11-06,6287.293,6368.869,6247.152,6293.193,42425010100,sh000852,266988776586249.3
2024-11-07,6238.617,6403.918,6229.49,6403.918,40857165200,sh000852,261645935653253.6
2024-11-08,6470.074,6526.65,6400.094,6423.122,45179630800,sh000852,290194280543357.6
2024-11-11,6416.168,6580.568,6412.576,6579.005,40243625500,sh000852,264763013382627.5
2024-11-12,6593.822,6616.157,6429.35,6491.972,40071524400,sh000852,260143214402116.78
2024-11-13,6453.864,6512.597,6357.556,6474.394,31748592800,sh000852,205552898732763.22
2024-11-14,6462.01,6472.954,6263.314,6272.191,29479471800,sh000852,184900877708713.78
2024-11-15,6246.336,6331.872,6124.661,6125.513,29519163400,sh000852,180820019155824.2
2024-11-18,6154.507,6180.88,5937.085,5974.558,32267260800,sh000852,192782621150726.4
2024-11-19,5977.844,6130.496,5945.456,6130.285,27316752600,sh000852,167459478712491.0
2024-11-20,6116.96,6262.083,6105.222,6250.803,29997582100,sh000852,187508976183426.28
2024-11-21,6241.009,6292.86,6199.706,6262.164,29965511100,sh000852,187648944852020.4
2024-11-22,6240.086,6280.603,6030.375,6030.488,34212911700,sh000852,206320553451909.62
2024-11-25,6047.938,6076.191,5937.905,6052.129,27764677600,sh000852,168035410478610.4
2024-11-26,6036.638,6093.371,5979.392,5981.57,24440411200,sh000852,146192030421584.0
2024-11-27,5942.533,6119.011,5856.997,6118.664,29094626700,sh000852,178020244982728.78
2024-11-28,6121.678,6170.134,6077.601,6086.085,30123556000,sh000852,183334522318260.0
2024-11-29,6066.714,6246.198,6039.832,6189.128,32476269100,sh000852,200999786422344.78
2024-12-02,6188.802,6325.86,6188.802,6313.608,35402806600,sh000852,223519442972212.8
2024-12-03,6318.966,6342.357,6239.44,6303.276,32665236300,sh000852,205898000004118.78
2024-12-04,6301.048,6303.505,6175.839,6204.945,29920209800,sh000852,185653256197461.0
2024-12-05,6186.123,6302.355,6186.123,6285.601,28853561700,sh000852,181361976275081.7
2024-12-06,6291.302,6384.657,6229.212,6349.621,34903096300,sh000852,221621433231502.3
2024-12-09,6346.595,6371.098,6257.542,6303.272,29377328700,sh000852,185173293429506.4
2024-12-10,6493.537,6497.889,6352.762,6362.02,37420920600,sh000852,238072645275612.03
2024-12-11,6343.781,6454.971,6343.781,6447.374,33135195600,sh000852,213634998596354.4
2024-12-12,6454.942,6493.71,6390.589,6490.146,34232605300,sh000852,222174606357373.78
2024-12-13,6447.203,6460.939,6351.301,6354.988,36198551300,sh000852,230041359128884.4
2024-12-16,6355.628,6367.809,6248.158,6277.516,31021517300,sh000852,194738071195026.78
2024-12-17,6262.493,6269.14,6133.129,6143.944,27479395900,sh000852,168831869563429.62
2024-12-18,6156.692,6242.517,6121.054,6195.868,24802412200,sh000852,153672472072789.62
2024-12-19,6127.22,6223.805,6108.394,6207.186,25148792400,sh000852,156103232102186.4
2024-12-20,6195.644,6320.963,6191.081,6271.753,24365908500,sh000852,152816959732600.5
2024-12-23,6271.763,6276.971,6086.912,6096.381,25847497500,sh000852,157576192656547.5
2024-12-24,6110.767,6165.202,6066.226,6164.361,21601091800,sh000852,133156927849339.8
2024-12-25,6158.649,6159.596,6037.736,6094.687,21902703200,sh000852,133490120457898.39
2024-12-26,6083.887,6185.807,6083.887,6160.452,20691673900,sh000852,127470063860602.8
2024-12-27,6164.67,6250.201,6135.479,6171.565,23784155400,sh000852,146785461021201.0
2024-12-30,6164.908,6192.585,6097.103,6145.928,20771244800,sh000852,127658575011174.39
2024-12-31,6151.034,6160.733,5957.717,5957.717,23799003200,sh000852,141787725947694.4
2025-01-02,5948.68,5982.554,5743.179,5797.089,24412560600,sh000852,141521786516093.4
2025-01-03,5808.542,5826.083,5609.766,5625.209,23709321100,sh000852,133369886435609.89
2025-01-06,5614.028,5688.922,5561.898,5608.034,20304767600,sh000852,113869827062898.39
2025-01-07,5610.946,5694.005,5580.885,5692.041,19391245000,sh000852,110375761581045.0
2025-01-08,5664.312,5706.659,5501.492,5661.779,22580083000,sh000852,127843439747657.02
2025-01-09,5629.895,5714.461,5629.824,5672.78,19332042100,sh000852,109666421784038.0
2025-01-10,5662.767,5718.212,5544.916,5544.916,19801487700,sh000852,109797585971533.2
2025-01-13,5487.125,5599.327,5457.51,5559.473,16930919000,sh000852,94126987045687.0
2025-01-14,5580.878,5814.707,5562.18,5811.055,23577286900,sh000852,137008910926679.5
2025-01-15,5805.898,5815.148,5755.625,5775.571,20429032500,sh000852,117989327665057.5
2025-01-16,5810.051,5906.466,5753.764,5801.305,21637323900,sh000852,125524715327689.5
2025-01-17,5780.606,5885.417,5755.907,5841.572,19681796700,sh000852,114972632512412.4
2025-01-20,5877.972,5925.072,5856.833,5879.15,19843078300,sh000852,116660433787445.0
2025-01-21,5911.405,5917.129,5834.964,5908.023,19912783400,sh000852,117645182321218.2
2025-01-22,5879.843,5886.742,5824.035,5855.739,18029676000,sh000852,105577076910564.0
2025-01-23,5911.219,5991.845,5829.033,5829.033,22285575300,sh000852,129903353847684.9
2025-01-24,5815.458,5943.112,5815.458,5938.13,20809044500,sh000852,123566811416785.0
2025-01-27,5946.729,5964.15,5846.069,5846.069,18864620000,sh000852,110283870178780.02
2025-02-05,5900.513,5928.88,5851.595,5881.437,21200531000,sh000852,124689587443047.0
2025-02-06,5869.705,6042.019,5853.746,6041.834,25599851100,sh000852,154670050770917.4
2025-02-07,6046.365,6198.748,6042.261,6134.055,32395283500,sh000852,198714450729592.5
2025-02-10,6155.051,6218.066,6126.082,6210.547,29782593200,sh000852,184966194850480.38
2025-02-11,6209.521,6220.964,6135.866,6190.174,28827157600,sh000852,178445121469422.4
2025-02-12,6172.394,6284.918,6171.061,6284.611,28134276500,sh000852,176812983568941.5
2025-02-13,6290.79,6290.79,6202.593,6212.497,31298493500,sh000852,194441796973269.5
2025-02-14,6203.477,6257.306,6182.264,6248.835,29800584900,sh000852,186218937943591.5
2025-02-17,6285.04,6308.484,6231.868,6281.566,32373433700,sh000852,203355860433174.2
2025-02-18,6264.282,6282.404,6112.585,6142.138,30015933000,sh000852,184362002684754.0
2025-02-19,6134.991,6290.013,6133.942,6288.529,27292011400,sh000852,171626605157230.62
2025-02-20,6289.133,6349.474,6274.031,6334.414,28811019800,sh000852,182500927175397.2
2025-02-21,6347.67,6456.919,6317.085,6449.228,32726377100,sh000852,211059867531878.8
2025-02-24,6454.558,6504.4,6411.766,6464.024,31846116100,sh000852,205854058777186.4
2025-02-25,6369.276,6503.007,6359.836,6435.428,29536637200,sh000852,190080902062721.6
2025-02-26,6451.402,6527.846,6423.603,6524.406,30317641300,sh000852,197804600803567.8
2025-02-27,6526.811,6550.1,6395.908,6499.53,31196410100,sh000852,202762003337253.0
2025-02-28,6460.904,6468.796,6252.014,6270.419,29555967500,sh000852,185328300175382.5
2025-03-03,6291.05,6382.048,6240.568,6273.67,26694541200,sh000852,167472742290204.0
2025-03-04,6218.831,6364.121,6217.81,6357.628,22954848600,sh000852,145938388195120.78
2025-03-05,6365.432,6401.831,6318.287,6398.237,23896184700,sh000852,152893453106373.9
2025-03-06,6438.159,6548.855,6435.543,6534.971,30055477000,sh000852,196411670586167.0
2025-03-07,6512.732,6577.951,6465.264,6507.765,30888880700,sh000852,201017576708635.5
2025-03-10,6519.028,6541.593,6466.903,6520.973,25652211300,sh000852,167277377277594.9
2025-03-11,6438.245,6551.734,6432.758,6551.734,25245521600,sh000852,165401942214454.4
2025-03-12,6585.595,6632.388,6564.716,6566.968,28170557600,sh000852,184995150301356.78
2025-03-13,6558.419,6570.887,6405.732,6466.851,26682567700,sh000852,172552189613312.7
2025-03-14,6463.925,6575.819,6428.225,6571.171,27632999400,sh000852,181581164300297.4
2025-03-17,6585.821,6609.889,6557.634,6589.566,25208084100,sh000852,166110333910500.6
2025-03-18,6605.043,6642.857,6581.965,6611.926,23472656300,sh000852,155199466479033.8
2025-03-19,6590.555,6598.508,6536.716,6564.677,21966299900,sh000852,144201663728632.28
2025-03-20,6551.82,6596.271,6528.858,6535.062,23190747700,sh000852,151552974045857.4
2025-03-21,6507.95,6531.76,6389.615,6405.611,25620533500,sh000852,164115171213468.5
2025-03-24,6403.565,6412.518,6244.868,6360.341,25768458300,sh000852,163896181832280.3
2025-03-25,6355.814,6382.188,6289.124,6310.764,23166378100,sh000852,146197544923868.4
2025-03-26,6297.329,6371.101,6297.329,6334.908,20667951300,sh000852,130929570033980.4
2025-03-27,6315.097,6394.21,6254.887,6328.767,19889470400,sh000852,125875823914996.8
2025-03-28,6326.813,6356.804,6261.686,6268.321,19655352800,sh000852,123206060718648.8
2025-03-31,6229.556,6259.364,6143.65,6226.649,20738202700,sh000852,129129509103752.31
2025-04-01,6242.071,6300.666,6240.204,6259.484,18233221700,sh000852,114130559499602.81
2025-04-02,6252.63,6316.636,6251.852,6277.253,15926642500,sh000852,99975564413052.5
2025-04-03,6208.288,6299.165,6168.535,6203.257,18369963000,sh000852,113953601569491.0
2025-04-07,5811.544,5905.573,5437.453,5496.443,27721482900,sh000852,152369550635324.72
2025-04-08,5475.56,5632.641,5426.034,5530.019,30970151600,sh000852,171265526780880.4
2025-04-09,5439.177,5688.485,5224.973,5652.33,30572403900,sh000852,172805315736087.0
2025-04-10,5766.505,5883.459,5766.406,5784.585,27416184900,sh000852,158591251929766.5
2025-04-11,5744.795,5923.136,5743.078,5862.188,22213916200,sh000852,130222152980645.61
2025-04-14,5933.992,5979.902,5914.254,5938.526,21658114100,sh000852,128617273693816.6
2025-04-15,5938.573,5949.861,5872.287,5914.029,18304784800,sh000852,108255028145959.2
2025-04-16,5897.2,5903.119,5758.666,5835.348,19042390100,sh000852,111118972985254.8
2025-04-17,5802.293,5898.179,5801.12,5839.564,17319670800,sh000852,101139326095531.2
2025-04-18,5833.108,5855.692,5793.787,5831.687,16444460300,sh000852,95898945353526.1
2025-04-21,5826.622,5952.718,5802.835,5952.637,19271150000,sh000852,114714160522550.0
2025-04-22,5947.149,5974.317,5923.589,5949.312,20645707400,sh000852,122827754783308.8
2025-04-23,5971.473,6013.275,5954.027,5984.583,21819615600,sh000852,130581300586294.8
2025-04-24,5979.406,5984.367,5897.65,5920.478,19979656400,sh000852,118289116163759.2
2025-04-25,5927.316,5982.715,5901.077,5939.502,19808766000,sh000852,117654205274532.02
2025-04-28,5933.419,5939.958,5868.872,5877.057,19495089100,sh000852,114573749860778.7
2025-04-29,5850.827,5921.556,5836.031,5903.381,18602339400,sh000852,109816696969511.4
2025-04-30,5907.188,5972.655,5907.188,5950.117,19545899800,sh000852,116300390680276.61
2025-05-06,5993.334,6102.922,5993.334,6102.922,22020962300,sh000852,134392215281840.6
2025-05-07,6171.607,6195.139,6063.644,6111.495,23392295100,sh000852,142961894542174.5
2025-05-08,6093.56,6167.146,6087.372,6158.077,20391582600,sh000852,125572935802660.2
2025-05-09,6153.529,6153.529,6054.935,6082.082,18922128700,sh000852,115085938367953.4
2025-05-12,6122.669,6167.461,6110.022,6167.461,19684721000,sh000852,121404749063381.0
2025-05-13,6219.454,6220.445,6141.68,6151.01,20327421700,sh000852,125034174150917.0
2025-05-14,6144.246,6199.299,6111.112,6160.37,21155908300,sh000852,130328222814071.0
2025-05-15,6146.002,6146.002,6055.839,6057.036,19052381400,sh000852,115400960025530.4
2025-05-16,6042.22,6098.878,6042.22,6068.117,17639475900,sh000852,107038403579880.3
2025-05-19,6073.203,6100.802,6009.951,6095.337,18471299000,sh000852,112588792232763.02
2025-05-20,6097.364,6154.954,6078.218,6146.017,19295729400,sh000852,118591880919799.8
2025-05-21,6137.096,6141.726,6109.925,6132.181,19655084200,sh000852,120528533884640.19
2025-05-22,6113.207,6146.201,6062.593,6066.103,18639573700,sh000852,113069573940291.1
2025-05-23,6060.518,6099.227,5989.675,5989.675,18492377400,sh000852,110763330603345.0
2025-05-26,5991.859,6038.806,5981.842,6028.786,15598879400,sh000852,94042305742408.4
2025-05-27,6019.543,6023.144,5971.347,6008.46,15794575800,sh000852,94901076911268.0
2025-05-28,6006.889,6023.825,5972.184,5984.456,15910549400,sh000852,95215982820126.4
2025-05-29,5980.857,6091.962,5980.857,6089.578,18937646600,sh000852,115322276107134.81
2025-05-30,6075.45,6075.45,6016.891,6026.56,18691867100,sh000852,112647658590176.0
2025-06-03,6009.184,6086.616,6008.545,6070.037,19176467200,sh000852,116401865433286.4
2025-06-04,6067.827,6124.703,6067.827,6123.172,18695585000,sh000852,114476282595619.98
2025-06-05,6125.89,6174.85,6101.846,6167.015,20607791900,sh000852,127088561764178.5
2025-06-06,6164.41,6169.568,6137.565,6152.845,17833958200,sh000852,109729580541079.0
2025-06-09,6161.138,6226.383,6158.903,6218.964,19328363200,sh000852,120202394919724.8
2025-06-10,6220.042,6220.042,6098.089,6161.692,22006048500,sh000852,135594492994062.0
2025-06-11,6162.157,6221.202,6162.157,6186.512,19764358000,sh000852,122272437939296.0
2025-06-12,6171.557,6202.727,6151.036,6192.22,19701874900,sh000852,121998343793278.0
2025-06-13,6174.432,6183.714,6088.571,6106.008,23688954700,sh000852,144644946909837.6
2025-06-16,6089.963,6151.513,6089.963,6147.46,19731093300,sh000852,121296106818018.0
2025-06-17,6153.147,6171.165,6120.57,6141.468,20842728000,sh000852,128004947044704.0
2025-06-18,6126.18,6143.209,6086.694,6135.386,20410575500,sh000852,125226759174643.02
2025-06-19,6127.938,6146.642,6028.717,6048.224,21221733600,sh000852,128353798481126.4
2025-06-20,6039.991,6061.841,5997.59,5999.591,18085734200,sh000852,108507008134712.2
2025-06-23,5966.495,6083.527,5965.663,6078.222,19355849000,sh000852,117649147220478.0
2025-06-24,6082.744,6194.666,6082.744,6194.666,23345340300,sh000852,144616585814839.8
2025-06-25,6196.153,6282.112,6194.148,6276.163,24755632500,sh000852,155370384738097.5
2025-06-26,6272.443,6310.536,6244.781,6247.791,25424649500,sh000852,158847896324254.5
2025-06-27,6265.923,6319.161,6257.587,6276.937,24856335200,sh000852,156021650101282.4
2025-06-30,6297.077,6358.026,6292.514,6356.181,23732297300,sh000852,150846777184611.28
2025-07-01,6358.06,6373.768,6308.061,6373.768,24353733000,sh000852,155225044075944.0
2025-07-02,6358.873,6358.873,6285.0,6309.484,23858090300,sh000852,150532239018405.22
2025-07-03,6306.745,6349.145,6295.225,6342.638,21398076500,sh000852,135720253135807.0
2025-07-04,6338.557,6375.067,6292.136,6312.197,23813321000,sh000852,150314373376237.0
2025-07-07,6305.045,6333.512,6303.862,6327.139,21047736100,sh000852,133171951940017.9
2025-07-08,6321.553,6408.114,6318.523,6407.698,23512558300,sh000852,150661372793793.4
2025-07-09,6412.144,6431.091,6375.082,6390.466,23617558900,sh000852,150927207153447.4
2025-07-10,6385.213,6427.739,6367.66,6406.568,24018338000,sh000852,153875115643984.0
2025-07-11,6411.314,6487.44,6388.402,6461.1,28256128300,sh000852,182565670559130.0
2025-07-14,6465.506,6474.934,6443.555,6462.305,24205780100,sh000852,156425133769130.5
2025-07-15,6451.997,6472.527,6381.557,6442.834,26986941100,sh000852,173872381675077.4
2025-07-16,6440.517,6487.83,6433.507,6462.063,22023002400,sh000852,142314028957951.2
2025-07-17,6458.414,6535.671,6451.153,6535.671,22783164600,sh000852,148903268164446.6
2025-07-18,6546.362,6563.817,6521.5,6552.074,23446171300,sh000852,153621049374276.2
2025-07-21,6557.251,6614.606,6555.043,6612.259,27659155200,sh000852,182889497903596.8
2025-07-22,6607.826,6642.235,6597.048,6637.104,30165999400,sh000852,200214875281737.6
2025-07-23,6634.123,6667.858,6594.483,6607.22,29410927500,sh000852,194324468396550.0
2025-07-24,6602.169,6701.12,6602.169,6701.12,28541821900,sh000852,191262173570528.0
2025-07-25,6708.08,6716.703,6674.541,6706.61,26400479800,sh000852,177057721831478.0
2025-07-28,6713.818,6736.079,6679.211,6729.979,25274290400,sh000852,170095443631901.6
2025-07-29,6724.315,6773.884,6684.158,6773.884,25926123600,sh000852,175620553836062.4
2025-07-30,6758.327,6770.883,6662.906,6718.482,26817955900,sh000852,180175953990943.8
2025-07-31,6701.156,6750.078,6639.123,6661.186,27013867700,sh000852,179944397329092.2
2025-08-01,6665.642,6702.679,6625.928,6670.472,23248467000,sh000852,155078248166424.0
2025-08-04,6637.839,6739.725,6631.124,6739.694,21349152500,sh000852,143886755009335.0
2025-08-05,6753.527,6787.481,6744.072,6787.481,22372467700,sh000852,151852699436863.7
2025-08-06,6784.175,6865.017,6774.033,6861.309,25813388800,sh000852,177113636893939.22
2025-08-07,6864.446,6876.497,6813.774,6862.15,26138960000,sh000852,179369464364000.0
2025-08-08,6844.439,6865.838,6816.094,6838.13,25146567100,sh000852,171955494883523.0
2025-08-11,6850.572,6957.404,6850.572,6943.937,26097024100,sh000852,181216091237881.7
2025-08-12,6943.666,6963.804,6894.846,6963.611,26048986900,sh000852,181395011715695.9
2025-08-13,6966.273,7070.504,6966.273,7064.334,29465387400,sh000852,208153338032991.6
2025-08-14,7072.903,7077.809,6957.397,6976.488,31727293600,sh000852,221345083072876.8
2025-08-15,6956.508,7117.51,6956.508,7117.501,30400522600,sh000852,216375750006022.6
2025-08-18,7158.531,7267.981,7143.066,7237.602,37983126300,sh000852,274906750875132.6
2025-08-19,7231.93,7289.032,7193.595,7242.849,34087904500,sh000852,246893545019920.5
2025-08-20,7212.97,7305.461,7166.991,7305.461,32475150300,sh000852,237245943985788.3
2025-08-21,7318.757,7343.174,7215.338,7253.343,32682289100,sh000852,237055852867461.28
2025-08-22,7250.191,7362.94,7250.191,7362.94,32680749200,sh000852,240626395514648.0
2025-08-25,7418.346,7504.009,7405.939,7477.728,40845765500,sh000852,305433524360784.0
2025-08-26,7457.77,7526.166,7435.301,7476.467,36368466100,sh000852,271907636637268.7
2025-08-27,7488.928,7565.353,7336.504,7336.504,41675926500,sh000852,305755601470956.0
2025-08-28,7331.187,7447.11,7216.766,7447.11,38146643500,sh000852,284082250275285.0
2025-08-29,7449.864,7477.204,7380.83,7438.677,32764088100,sh000852,243721468575443.7
2025-09-01,7475.0,7502.592,7424.341,7501.148,32422071200,sh000852,243202754537737.6
2025-09-02,7498.445,7499.602,7258.589,7313.882,35043585300,sh000852,256304647741134.6
2025-09-03,7336.386,7361.028,7182.291,7206.876,29028856800,sh000852,209207371379356.8
2025-09-04,7214.72,7254.999,6939.665,7041.154,29762275400,sh000852,209560764481811.62
2025-09-05,7046.958,7248.577,7017.946,7245.667,28276593100,sh000852,204882777497097.72
2025-09-08,7257.332,7321.157,7220.591,7311.034,30781328900,sh000852,225043342153082.6
2025-09-09,7287.402,7315.967,7198.319,7226.028,28244306100,sh000852,204094146719170.8
2025-09-10,7214.226,7296.001,7179.757,7230.168,25267415800,sh000852,182687661159854.4
2025-09-11,7215.928,7399.885,7161.281,7399.885,29397514200,sh000852,217538224365867.0
2025-09-12,7402.417,7472.874,7387.589,7422.884,31583879300,sh000852,234443472313901.2
2025-09-15,7445.498,7454.295,7404.496,7415.571,30130776100,sh000852,223436909454653.1
2025-09-16,7426.409,7487.066,7364.733,7483.628,30901059000,sh000852,231252030362052.0
2025-09-17,7478.408,7564.816,7461.41,7554.813,30170648500,sh000852,227933607506230.5
2025-09-18,7552.23,7665.97,7393.18,7476.402,39860010200,sh000852,298009459979300.4
2025-09-19,7473.022,7520.919,7405.291,7438.189,29589587000,sh000852,220092940537943.0
2025-09-22,7457.886,7489.478,7418.465,7489.478,27036260200,sh000852,202487475970175.6
2025-09-23,7500.618,7504.231,7261.666,7408.069,31326028000,sh000852,232065376919932.0
2025-09-24,7375.911,7534.222,7342.47,7534.222,27891276100,sh000852,210139066000694.2
2025-09-25,7521.317,7563.079,7487.119,7506.512,26440371200,sh000852,198474963697254.4
2025-09-26,7476.937,7516.111,7396.585,7397.589,25875025900,sh000852,191412806972555.1
2025-09-29,7415.128,7517.118,7376.909,7497.831,25868018400,sh000852,193954030268090.4
2025-09-30,7525.624,7592.914,7524.915,7574.963,25517378500,sh000852,193293197994495.5
2025-10-09,7623.299,7671.171,7590.473,7648.052,30349138000,sh000852,232111785579176.0
2025-10-10,7608.292,7621.976,7513.166,7533.82,29042992200,sh000852,218804675496204.0
2025-10-13,7250.579,7535.207,7250.579,7519.764,28840041100,sh000852,216870302822300.4
2025-10-14,7580.393,7611.826,7342.6,7373.152,30441201300,sh000852,224447604247497.6
2025-10-15,7384.011,7484.049,7315.483,7483.449,24485396500,sh000852,183235215952528.5
2025-10-16,7460.763,7472.755,7378.297,7401.838,23464307000,sh000852,173678999196266.0
2025-10-17,7395.866,7426.21,7176.959,7185.478,25432732500,sh000852,182746339858635.0
2025-10-20,7259.486,7301.988,7196.28,7239.185,21857967600,sh000852,158233871180406.0
2025-10-21,7257.112,7350.923,7236.634,7344.047,23725016500,sh000852,174237636251775.5
2025-10-22,7304.964,7349.797,7278.713,7312.21,22732450300,sh000852,166224450408163.0
2025-10-23,7292.39,7319.55,7192.416,7308.099,23156897600,sh000852,169232900193662.4
2025-10-24,7340.669,7419.407,7340.669,7419.235,24555995300,sh000852,182186699789595.5
2025-10-27,7483.295,7511.414,7430.62,7495.383,26534474900,sh000852,198886052079386.7
2025-10-28,7462.911,7534.051,7443.701,7479.221,25180424900,sh000852,188329962701002.88
2025-10-29,7481.237,7569.117,7469.07,7569.117,26584612900,sh000852,201222045439809.3
2025-10-30,7560.6,7569.156,7476.701,7485.085,29738526900,sh000852,222595401621286.5
2025-10-31,7480.658,7583.033,7480.658,7506.675,29974520600,sh000852,225008984425005.0
2025-11-03,7507.374,7539.327,7417.273,7538.118,27824170500,sh000852,209741880481119.0
2025-11-04,7523.64,7523.64,7387.378,7435.731,25167741300,sh000852,187140554184390.28
2025-11-05,7332.104,7490.904,7332.104,7464.863,25854817800,sh000852,193002672766961.4
2025-11-06,7482.908,7551.83,7466.752,7551.83,26361295900,sh000852,199076025216497.0
2025-11-07,7519.748,7581.56,7492.926,7541.878,26788866400,sh000852,202038362147099.2
2025-11-10,7568.751,7592.757,7515.684,7563.254,27436131700,sh000852,207506432824551.8
2025-11-11,7579.908,7598.988,7530.144,7540.791,26525073100,sh000852,200020032506822.1
2025-11-12,7520.179,7537.761,7421.459,7486.377,26696336300,sh000852,199858838060585.12
2025-11-13,7483.664,7604.891,7475.511,7590.576,27563607300,sh000852,209223656044804.8
2025-11-14,7527.834,7591.315,7502.757,7502.757,27197278300,sh000852,204054570146273.1
2025-11-17,7514.84,7544.723,7487.808,7523.076,26115611800,sh000852,196469732357896.8
2025-11-18,7508.531,7521.656,7412.276,7448.101,27748040900,sh000852,206670211175330.88
2025-11-19,7438.139,7471.732,7348.037,7387.208,23839382000,sh000852,176106473425456.0
2025-11-20,7429.7,7439.044,7332.321,7340.412,22753609000,sh000852,167020864546908.0
2025-11-21,7235.326,7274.334,7067.703,7067.703,28480069000,sh000852,201288669111507.0
2025-11-24,7105.642,7190.723,7064.598,7156.409,24065506200,sh000852,172222605159235.78
2025-11-25,7195.1,7311.727,7194.766,7249.947,24542942900,sh000852,177935035249026.3
2025-11-26,7236.655,7307.199,7225.087,7248.449,23177682400,sh000852,168002248814597.6
2025-11-27,7243.714,7330.6,7243.714,7257.454,21127741200,sh000852,153333609882904.78
2025-11-28,7257.165,7334.21,7239.854,7334.21,20068050800,sh000852,147183298857868.0
2025-12-01,7356.513,7388.618,7342.596,7386.681,23441158300,sh000852,173152358632602.28
2025-12-02,7364.204,7364.204,7299.272,7313.178,20051247700,sh000852,146638343552190.6
2025-12-03,7312.667,7324.211,7220.976,7248.274,21463340000,sh000852,155572169275160.0
2025-12-04,7246.862,7269.902,7185.911,7248.657,19483925400,sh000852,141232292238187.8
2025-12-05,7244.277,7346.999,7194.661,7342.492,21572766300,sh000852,158397863975619.6
2025-12-08,7359.488,7446.192,7359.488,7423.046,24091899500,sh000852,178835278215877.0
2025-12-09,7400.934,7439.546,7370.296,7380.584,22849142800,sh000852,168640017763395.2
2025-12-10,7367.492,7421.423,7332.053,7408.244,21561113400,sh000852,159729988978869.6
2025-12-11,7421.787,7425.441,7311.995,7311.995,23402087300,sh000852,171115945327163.5
2025-12-12,7312.871,7384.848,7284.555,7370.942,24352518300,sh000852,179500999943238.6
2025-12-15,7324.48,7375.612,7305.832,7309.078,22095769700,sh000852,161499704207336.62
2025-12-16,7302.159,7302.159,7143.615,7181.62,23052600700,sh000852,165555018239134.0
2025-12-17,7178.307,7303.375,7149.019,7288.738,22049877500,sh000852,160715780029595.0
2025-12-18,7244.64,7336.732,7241.861,7272.402,20004466200,sh000852,145480520001812.4
2025-12-19,7295.671,7357.042,7279.987,7329.806,21920554700,sh000852,160673413363388.2
2025-12-22,7363.064,7433.428,7363.064,7408.349,22160188600,sh000852,164170411054621.4
2025-12-23,7410.224,7441.412,7363.934,7392.42,22428856600,sh000852,165803528106972.0
2025-12-24,7391.561,7513.254,7386.489,7506.381,21796145500,sh000852,163610172454435.5
2025-12-25,7507.297,7591.782,7502.154,7579.379,22874491700,sh000852,173374442026654.3
2025-12-26,7575.926,7644.84,7550.014,7605.53,26626161100,sh000852,202506067030883.0
2025-12-29,7606.435,7637.91,7574.775,7594.158,26406479600,sh000852,200534978306176.8
2025-12-30,7556.537,7636.153,7552.401,7597.299,26333187400,sh000852,200061098300832.6
2025-12-31,7606.646,7619.221,7560.723,7595.285,24454923100,sh000852,185742110597583.5
2026-01-05,7639.538,7753.959,7623.749,7753.88,30537472600,sh000852,236783898043688.0
2026-01-06,7756.158,7864.903,7755.072,7864.903,33116203400,sh000852,260455727469270.22
2026-01-07,7881.836,7939.752,7864.139,7906.42,31873436700,sh000852,252004777393614.0
2026-01-08,7886.81,7993.631,7886.629,7971.589,32556390800,sh000852,259526166780981.2
2026-01-09,7969.19,8131.491,7969.19,8129.183,38104386900,sh000852,309757534212902.7
2026-01-12,8196.085,8371.749,8171.105,8357.011,44722895400,sh000852,373749728809649.44
2026-01-13,8381.042,8381.042,8177.629,8203.133,45444450300,sh000852,372786869922789.9
2026-01-14,8204.28,8415.098,8154.241,8257.172,48979835900,sh000852,404434929558074.8
2026-01-15,8197.061,8267.813,8151.107,8240.775,35335770800,sh000852,291194136614370.0
2026-01-16,8276.608,8304.399,8180.117,8232.729,35253940500,sh000852,290236138318624.5
2026-01-19,8204.627,8298.48,8187.938,8265.646,32669114900,sh000852,270031338896725.4
2026-01-20,8271.779,8300.05,8104.918,8182.752,33668913400,sh000852,275504368461676.8
2026-01-21,8138.682,8289.134,8136.918,8247.68,32567636800,sh000852,268607446682624.0
2026-01-22,8272.468,8314.216,8252.745,8309.346,32856328100,sh000852,273014598472422.6
2026-01-23,8331.77,8478.556,8323.349,8470.744,39304302000,sh000852,332936680340688.0
2026-01-26,8513.222,8530.417,8302.099,8365.435,40342837500,sh000852,337485384821812.5
2026-01-27,8325.433,8406.099,8186.244,8382.153,36565732800,sh000852,306499566886718.44
2026-01-28,8392.753,8432.62,8334.683,8399.794,34965829300,sh000852,293705763159164.2
2026-01-29,8380.605,8463.125,8308.825,8332.207,40198798200,sh000852,334944707753627.44
2026-01-30,8255.335,8313.227,8083.97,8254.86,36491645100,sh000852,301233421470186.0
2026-02-02,8166.736,8221.582,7974.599,7975.428,30832146700,sh000852,245899566091287.6
2026-02-03,8058.763,8210.047,8023.238,8209.101,29921845800,sh000852,245631454278625.8
2026-02-04,8184.205,8216.204,8101.2,8207.12,31646115000,sh000852,259723463338800.03
2026-02-05,8121.511,8154.558,8027.623,8068.077,27581682300,sh000852,222531136585937.1
2026-02-06,7980.466,8152.322,7950.01,8051.574,28108356300,sh000852,226316510767816.2
2026-02-09,8177.291,8235.155,8149.646,8233.778,28284816900,sh000852,232890903125248.22
2026-02-10,8246.218,8274.143,8199.511,8250.3,29191625000,sh000852,240839663737499.97
2026-02-11,8239.17,8304.125,8236.957,8239.513,27323431200,sh000852,225131766577005.62
2026-02-12,8252.185,8337.371,8227.604,8314.832,27759673600,sh000852,230817022358835.22
2026-02-13,8272.876,8323.715,8200.148,8204.829,26114631200,sh000852,214266083394064.78
2026-02-24,8319.691,8356.914,8236.707,8299.771,27947962000,sh000852,231961684516702.03
2026-02-25,8320.612,8449.763,8310.325,8426.331,33344734600,sh000852,280973770846752.6
2026-02-26,8447.783,8496.748,8398.066,8490.617,33314760800,sh000852,282862874399413.6
2026-02-27,8434.096,8561.295,8433.717,8560.843,31389956300,sh000852,268724487661160.94
2026-03-02,8464.273,8535.807,8393.927,8476.965,37890628100,sh000852,321197528231716.5
2026-03-03,8495.954,8510.854,8128.305,8142.454,39018957900,sh000852,317710069828686.56
2026-03-04,8039.593,8228.895,8039.593,8094.518,32068956100,sh000852,259582742392659.8
2026-03-05,8235.374,8243.829,8121.382,8171.119,31536018100,sh000852,257684556681253.88
2026-03-06,8120.495,8273.68,8115.479,8248.857,29463326900,sh000852,243038770342353.3
2026-03-09,8131.742,8230.656,7983.569,8203.869,35630788700,sh000852,292310322861480.3
2026-03-10,8272.941,8351.666,8271.493,8350.09,31168527300,sh000852,260260008122457.0
2026-03-11,8356.09,8394.122,8334.328,8363.526,32173733200,sh000852,269085854135263.2
2026-03-12,8357.351,8388.633,8267.39,8335.908,32821274700,sh000852,273595126341927.6
2026-03-13,8297.913,8350.917,8196.374,8214.293,33312302000,sh000852,273637009132486.0
2026-03-16,8212.267,8226.032,8089.488,8211.352,31153245800,sh000852,255810267206321.62
2026-03-17,8219.5,8223.989,8019.075,8019.857,29972338000,sh000852,240373864715666.0
2026-03-18,8050.714,8105.806,7970.189,8096.595,27089355400,sh000852,219331539484863.0
2026-03-19,7988.873,8008.389,7874.262,7909.234,28459109900,sh000852,225089759630816.62
2026-03-20,7943.413,7996.164,7781.579,7783.435,29902296300,sh000852,232742579601790.5
2026-03-23,7632.972,7712.04,7357.696,7409.107,34925621000,sh000852,258767663030447.0
2026-03-24,7538.697,7601.883,7361.793,7600.857,29385508500,sh000852,223355047980784.5
2026-03-25,7654.784,7781.197,7654.784,7751.181,30366881700,sh000852,235379196462287.7
2026-03-26,7733.702,7775.893,7614.889,7639.376,27345513300,sh000852,208902658011700.8
2026-03-27,7526.586,7784.547,7526.586,7746.313,25889527400,sh000852,200548382662476.2
2026-03-30,7664.636,7774.851,7618.961,7767.93,26117412900,sh000852,202878235188297.0
2026-03-31,7741.959,7789.239,7618.187,7619.85,25525579000,sh000852,194501083143150.0
2026-04-01,7767.883,7786.759,7692.01,7764.153,25597564400,sh000852,198743406428953.22
2026-04-02,7733.747,7764.027,7581.392,7623.417,24684116100,sh000852,188177310306713.72
2026-04-03,7658.821,7664.756,7521.944,7536.6,22368034900,sh000852,168578931827340.0
2026-04-07,7556.277,7640.505,7554.408,7606.017,21097435700,sh000852,160467454590606.9
2026-04-08,7765.55,7955.768,7765.197,7955.768,29788517200,sh000852,236990531907209.6
2026-04-09,7881.803,7959.067,7872.475,7921.447,26065017100,sh000852,206472651511743.7
2026-04-10,7981.622,8059.755,7981.622,7998.232,26241528500,sh000852,209885832977612.0
2026-04-13,7947.222,8040.026,7947.222,8025.572,24984977300,sh000852,200518734239515.6
2026-04-14,8088.05,8144.762,8059.38,8144.762,26630582500,sh000852,216899756383865.0
2026-04-15,8186.074,8193.296,8083.265,8106.165,27384184600,sh000852,221980718758059.0
2026-04-16,8120.358,8239.008,8100.489,8232.983,27958443300,sh000852,230181388395363.9
2026-04-17,8225.729,8333.222,8223.706,8307.436,28510344300,sh000852,236847860610214.78
2026-04-20,8308.055,8374.812,8308.055,8357.814,29202960400,sh000852,244072911272565.6
2026-04-21,8331.592,8358.124,8270.161,8351.156,27899621000,sh000852,232994087311876.03
2026-04-22,8317.278,8482.153,8317.278,8481.24,28170553900,sh000852,238921228558836.0
2026-04-23,8488.996,8500.438,8302.849,8362.74,31979149200,sh000852,267433310180808.0
2026-04-24,8318.597,8360.79,8254.431,8304.141,29374811800,sh000852,243932579035663.78
2026-04-27,8292.811,8366.312,8249.944,8338.726,27706012400,sh000852,231032845956202.4
2026-04-28,8307.692,8316.267,8187.239,8226.692,28497044600,sh000852,234436408834463.2
2026-04-29,8163.348,8361.487,8163.348,8343.065,28909945600,sh000852,241197555287264.0
2026-04-30,8345.247,8402.356,8324.294,8381.947,29911511000,sh000852,250716699891917.0
2026-05-06,8462.023,8610.881,8462.023,8574.556,33085337100,sh000852,283692075742827.6
2026-05-07,8602.146,8716.861,8573.295,8714.51,33247719000,sh000852,289737579702690.0
2026-05-08,8655.127,8760.194,8651.059,8741.151,32178154500,sh000852,281274107385829.5
2026-05-11,8807.905,8888.873,8760.714,8866.779,34480797200,sh000852,305733608516218.8
2026-05-12,8880.415,8881.902,8749.722,8821.887,32084927800,sh000852,283049607454758.6
2026-05-13,8764.023,8958.456,8764.023,8955.447,31915270600,sh000852,285815514348958.2
2026-05-14,8989.487,8991.85,8778.709,8778.709,35634417700,sh000852,312824183372749.3
2026-05-15,8786.382,8846.515,8616.06,8682.654,35570731700,sh000852,308848355877931.8
2026-05-18,8645.763,8766.306,8610.742,8720.213,30042067200,sh000852,261973224944313.6
2026-05-19,8691.384,8812.031,8602.046,8808.645,29921984500,sh000852,263572139156002.5
2026-05-20,8769.097,8823.684,8697.4,8808.91,30671918800,sh000852,270186172236508.0
2026-05-21,8852.434,8896.6,8500.92,8510.496,35003795100,sh000852,297899658183369.56
2026-05-22,8578.9,8719.387,8521.695,8692.666,28681240700,sh000852,249316445870706.2
2026-05-25,8756.458,8802.946,8670.716,8799.312,30289600600,sh000852,266527646034787.2
2026-05-26,8755.908,8756.463,8560.804,8687.253,31437355100,sh000852,273104257404540.3
